Workbook

Sheet 总览Dashboard
A1: 宇宙藏书阁 · 统计总览
A4: 书籍总数 | E4: 中文篇数 | H4: 英文篇数
A6: =MAX(中文书目!A2:A1000) -> 368 | E6: =MAX(中文书目!A2:A1000) -> 368 | H6: =COUNTA([1]作品总表!D2:D400) -> 0
A11: 未开始 | D11: 下载中 | G11: 完结 | J11: 完结（保密）
A13: =COUNTIF(中文书目!K2:K1000,"未开始") -> 34 | D13: =COUNTIF(中文书目!K2:K1000,"下载中") -> 36 | G13: =COUNTIF(中文书目!K2:K1000,"完结") -> 239 | J13: =COUNTIF(中文书目!K2:K1000,"完结保密") -> 1
A17: 目标用户：小白用户 | C17: 目标用户：正式学员 | E17: 西方 | G17: 阿拉伯
A19: =COUNTIF(中文书目!F$2:F$1000,"公共") -> 85 | C19: =A6-A19-E19-G19 -> 268 | E19: =COUNTIF(中文书目!F$2:F$1000,"西方") -> 12 | G19: =COUNTIF(中文书目!F$2:F$1000,"阿拉伯") -> 3
A23: 在《作品总表》中粘贴数据：书名-中文、书名-英文、状态、目标用户等。本页自动统计。

Sheet 中文书目
A1: 序号 | B1: 类别标签 | C1: 首篇时间 | D1: 首篇时间 | E1: 书名 | F1: 阶别 | G1: 管道 | H1: 总章节数 | I1: 下载数 | J1: 翻译版本 | K1: 下载状态 | L1: 发表 | M1: 配音音频 | N1: 配音 | O1: 是否全部发表 | P1: 版权类别 | Q1: 存证日期 | R1: 版权登记日期 | S1: 版权状态 | V1: 管道 | W1: 阶别 | X1: 类别标签 | Y1: 关键词 | AA1: 类别 | AB1: 存证日期 | AC1: 版权登记日期 | AD1: 状态 | AE1: 类别 | AF1: 存证日期 | AG1: 版权登记日期 | AH1: 状态 | AK1: 旧标签
A2: 1 | B2: 08-灵性成长-灵性基础 | C2: =YEAR(D2) -> 2019 | D2: 43466 | E2: 一个灵魂飞到宇宙中的女人 | F2: 一阶 | G2: 星姐 | H2: 2 | I2: 2 | K2: =IF(H2=I2,"完结",IF(H2>I2,"未完结")) -> 完结 | L2: 2 | O2: =IF(H2=L2,"完",IF(H2>L2,"未")) -> 完 | Z2: 意识与能量 | AA2: 省版 | AB2: 2025/6/6 | AC2: 2025/7/4 | AD2: 已发证 | AE2: =VLOOKUP($E2,$Z$2:$AD$76,2,FALSE) -> #N/A | AF2: =VLOOKUP($E2,$Z$2:$AD$76,3,FALSE) -> #N/A | AG2: =VLOOKUP($E2,$Z$2:$AD$76,4,FALSE) -> #N/A | AH2: =VLOOKUP($E2,$Z$2:$AD$76,5,FALSE) -> #N/A | AK2: 08-灵性成长
A3: 2 | B3: 07-经典经文 | C3: =YEAR(D3) -> 2019 | D3: 43739 | E3: 经典新解 | F3: 一阶 | G3: 星姐 | H3: 5 | I3: 5 | K3: =IF(H3=I3,"完结",IF(H3>I3,"未完结")) -> 完结 | L3: 0 | O3: =IF(H3=L3,"完",IF(H3>L3,"未")) -> 未 | V3: 沛生 | W3: 公共 | X3: 01-宇宙知识-宇宙法则 | Y3: 能量，意识，空间构造，起源 | Z3: 人类意识走向 | AA3: 省版 | AB3: 2025/6/6 | AC3: 2025/7/4 | AD3: 已发证 | AE3: =VLOOKUP($E3,$Z$2:$AD$76,2,FALSE) -> #N/A | AF3: =VLOOKUP($E3,$Z$2:$AD$76,3,FALSE) -> #N/A | AG3: =VLOOKUP($E3,$Z$2:$AD$76,4,FALSE) -> #N/A | AH3: =VLOOKUP($E3,$Z$2:$AD$76,5,FALSE) -> #N/A | AK3: 03-佛法知识-经典
A4: 3 | B4: 08-灵性成长-灵性基础 | C4: =YEAR(D4) -> 2019 | D4: 43775 | E4: 宇宙之声 | F4: 二阶 | G4: 李静 | H4: 19 | I4: 19 | K4: =IF(H4=I4,"完结",IF(H4>I4,"未完结")) -> 完结 | L4: 19 | O4: =IF(H4=L4,"完",IF(H4>L4,"未")) -> 完 | P4: 省版 | Q4: 2025/6/4 | R4: 2025/7/4 | S4: 已发证 | V4: 孟昭宇 | W4: 一阶 | X4: 02-宇宙知识-平行空间 | Y4: 各次元空间文明 | Z4: 生物意识起源之地球篇 | AA4: 省版 | AB4: 2025/6/6 | AC4: 2025/7/4 | AD4: 已发证 | AE4: =VLOOKUP($E4,$Z$2:$AD$76,2,FALSE) -> 省版 | AF4: =VLOOKUP($E4,$Z$2:$AD$76,3,FALSE) -> 2025/6/4 | AG4: =VLOOKUP($E4,$Z$2:$AD$76,4,FALSE) -> 2025/7/4 | AH4: =VLOOKUP($E4,$Z$2:$AD$76,5,FALSE) -> 已发证 | AK4: 08-灵性成长
A5: 4 | B5: 11-修行修心-修心基础 | C5: =YEAR(D5) -> 2019 | D5: 43796 | E5: 宝生佛的自然课堂 | F5: 一阶 | G5: 沛生 | H5: 27 | I5: 27 | K5: =IF(H5=I5,"完结",IF(H5>I5,"未完结")) -> 完结 | L5: 27 | O5: =IF(H5=L5,"完",IF(H5>L5,"未")) -> 完 | V5: 王靖 | W5: 一阶 | X5: 03-宇宙知识-外星文明 | Y5: 外星世界文明、科技 | Z5: 极致大脑 | AA5: 省版 | AB5: 2025/6/5 | AE5: =VLOOKUP($E5,$Z$2:$AD$76,2,FALSE) -> #N/A | AF5: =VLOOKUP($E5,$Z$2:$AD$76,3,FALSE) -> #N/A | AG5: =VLOOKUP($E5,$Z$2:$AD$76,4,FALSE) -> #N/A | AH5: =VLOOKUP($E5,$Z$2:$AD$76,5,FALSE) -> #N/A | AK5: 08-灵性成长
A6: 5 | B6: 03-宇宙知识-外星文明 | C6: =YEAR(D6) -> 2019 | D6: 43800 | E6: 外星高科技 | F6: 一阶 | G6: 吴英 | H6: 5 | I6: 5 | K6: =IF(H6=I6,"完结",IF(H6>I6,"未完结")) -> 完结 | L6: 5 | O6: =IF(H6=L6,"完",IF(H6>L6,"未")) -> 完 | P6: 0 | Q6: 2025/5/30 | R6: 0 | S6: 阶段稿已存证 | V6: 惠敏 | W6: 二阶 | X6: 04-地球文明/地球扬升 | Y6: 地球扬升，高维地球，地球文明史 | Z6: 减压脑科学 | AA6: 省版 | AB6: 2025/6/5 | AE6: =VLOOKUP($E6,$Z$2:$AD$76,2,FALSE) -> 0 | AF6: =VLOOKUP($E6,$Z$2:$AD$76,3,FALSE) -> 2025/5/30 | AG6: =VLOOKUP($E6,$Z$2:$AD$76,4,FALSE) -> 0 | AH6: =VLOOKUP($E6,$Z$2:$AD$76,5,FALSE) -> 阶段稿已存证 | AK6: 07-宇宙知识-宇宙文明
A7: 6 | B7: 12-修行修心-实修指南 | C7: =YEAR(D7) -> 2019 | D7: 43808 | E7: 心法 | F7: 一阶 | G7: 昱嘉 | H7: 19 | I7: 19 | K7: =IF(H7=I7,"完结",IF(H7>I7,"未完结")) -> 完结 | L7: 18 | O7: =IF(H7=L7,"完",IF(H7>L7,"未")) -> 未 | V7: 蒋迎迎 | W7: 三阶 | X7: 05-宇宙科学/现代科技 | Y7: 量子理论，人工智能等（偏运用） | Z7: 造物意识 | AA7: 省版 | AB7: 2025/6/5 | AE7: =VLOOKUP($E7,$Z$2:$AD$76,2,FALSE) -> #N/A | AF7: =VLOOKUP($E7,$Z$2:$AD$76,3,FALSE) -> #N/A | AG7: =VLOOKUP($E7,$Z$2:$AD$76,4,FALSE) -> #N/A | AH7: =VLOOKUP($E7,$Z$2:$AD$76,5,FALSE) -> #N/A | AK7: 03-佛法知识-经典
A8: 7 | B8: 04-地球文明/地球扬升 | C8: =YEAR(D8) -> 2019 | D8: 43808 | E8: 地球提升之路 | F8: 一阶 | G8: 杜旻旻 | H8: 8 | I8: 8 | K8: =IF(H8=I8,"完结",IF(H8>I8,"未完结")) -> 完结 | L8: 7 | O8: =IF(H8=L8,"完",IF(H8>L8,"未")) -> 未 | P8: 省版 | Q8: 2025/5/30 | R8: 2025/7/3 | S8: 已发证 | V8: 刘小慧 | W8: 四阶 | X8: 06-佛法基础常识 | Y8: 佛法理论 | Z8: 源头与意识 | AA8: 省版 | AB8: 2025/6/5 | AE8: =VLOOKUP($E8,$Z$2:$AD$76,2,FALSE) -> 省版 | AF8: =VLOOKUP($E8,$Z$2:$AD$76,3,FALSE) -> 2025/5/30 | AG8: =VLOOKUP($E8,$Z$2:$AD$76,4,FALSE) -> 2025/7/3 | AH8: =VLOOKUP($E8,$Z$2:$AD$76,5,FALSE) -> 已发证 | AK8: 04-地球扬升
A9: 8 | B9: 17-高维文学-散文诗 | C9: =YEAR(D9) -> 2019 | D9: 43827 | E9: 梅集 | F9: 一阶 | G9: 共同参与 | H9: 145 | I9: 145 | K9: =IF(H9=I9,"完结",IF(H9>I9,"未完结")) -> 完结 | L9: 0 | O9: =IF(H9=L9,"完",IF(H9>L9,"未")) -> 未 | V9: 李静 | W9: 课程专用 | X9: 07-经典经文 | Y9: 经典 | Z9: 上帝粒子 | AA9: 省版 | AB9: 2025/6/5 | AE9: =VLOOKUP($E9,$Z$2:$AD$76,2,FALSE) -> #N/A | AF9: =VLOOKUP($E9,$Z$2:$AD$76,3,FALSE) -> #N/A | AG9: =VLOOKUP($E9,$Z$2:$AD$76,4,FALSE) -> #N/A | AH9: =VLOOKUP($E9,$Z$2:$AD$76,5,FALSE) -> #N/A | AK9: 16-诗
A10: 9 | B10: 08-灵性成长-灵性基础 | C10: =YEAR(D10) -> 2019 | D10: 43828 | E10: 人体与灵魂的未解之谜 | F10: 一阶 | G10: 李静 | H10: 16 | I10: 16 | K10: =IF(H10=I10,"完结",IF(H10>I10,"未完结")) -> 完结 | L10: 16 | O10: =IF(H10=L10,"完",IF(H10>L10,"未")) -> 完 | P10: 省版 | Q10: 2025/6/4 | R10: 0 | S10: 0 | V10: 张轶群 | W10: 西方 | X10: 08-灵性成长-灵性基础 | Y10: 灵性基础、散文类、灵性知识类、揭秘类、理论 | Z10: 生命科学与空性智慧 | AA10: 省版 | AB10: 2025/6/5 | AE10: =VLOOKUP($E10,$Z$2:$AD$76,2,FALSE) -> 省版 | AF10: =VLOOKUP($E10,$Z$2:$AD$76,3,FALSE) -> 2025/6/4 | AG10: =VLOOKUP($E10,$Z$2:$AD$76,4,FALSE) -> 0 | AH10: =VLOOKUP($E10,$Z$2:$AD$76,5,FALSE) -> 0 | AK10: 08-灵性成长
A11: 10 | B11: 18-高维文学-小说 | C11: =YEAR(D11) -> 2020 | D11: 43831 | E11: 来自地心的问候 | F11: - | G11: 昱嘉 | H11: 19 | I11: 19 | K11: 无文稿 | L11: 0 | O11: =IF(H11=L11,"完",IF(H11>L11,"未")) -> 未 | V11: 刘冬梅 | W11: 阿拉伯 | X11: 10-灵性成长-身心疗愈 | Y11: 能量疗愈，情绪管理 | Z11: 宇宙科学能量疗法 | AA11: 省版 | AB11: 2025/6/5 | AE11: =VLOOKUP($E11,$Z$2:$AD$76,2,FALSE) -> #N/A | AF11: =VLOOKUP($E11,$Z$2:$AD$76,3,FALSE) -> #N/A | AG11: =VLOOKUP($E11,$Z$2:$AD$76,4,FALSE) -> #N/A | AH11: =VLOOKUP($E11,$Z$2:$AD$76,5,FALSE) -> #N/A | AK11: 13-小说
A12: 11 | B12: 18-高维文学-小说 | C12: =YEAR(D12) -> 2020 | D12: 43860 | E12: 我眼中的宇宙之王 | F12: - | G12: 昱嘉 | H12: 16 | I12: 16 | K12: 无文稿 | L12: 0 | O12: =IF(H12=L12,"完",IF(H12>L12,"未")) -> 未 | V12: 陈琪琪 | X12: 11-修行修心-修心基础 | Y12: 修心知识、散文 | Z12: 能量疗愈显相法 | AA12: 省版 | AB12: 2025/6/5 | AE12: =VLOOKUP($E12,$Z$2:$AD$76,2,FALSE) -> #N/A | AF12: =VLOOKUP($E12,$Z$2:$AD$76,3,FALSE) -> #N/A | AG12: =VLOOKUP($E12,$Z$2:$AD$76,4,FALSE) -> #N/A | AH12: =VLOOKUP($E12,$Z$2:$AD$76,5,FALSE) -> #N/A | AK12: 13-小说
A13: 12 | B13: 08-灵性成长-灵性基础 | C13: =YEAR(D13) -> 2020 | D13: 43861 | E13: 明日之歌 | F13: 一阶 | G13: 刘小慧 | H13: 19 | I13: 19 | K13: =IF(H13=I13,"完结",IF(H13>I13,"未完结")) -> 完结 | L13: 19 | O13: =IF(H13=L13,"完",IF(H13>L13,"未")) -> 完 | V13: 林巧玲 | X13: 12-修行修心-实修指南 | Y13: 禅修，冥想方法，灵魂觉醒 | Z13: 能量法则 | AA13: 省版 | AB13: 2025/6/5 | AE13: =VLOOKUP($E13,$Z$2:$AD$76,2,FALSE) -> #N/A | AF13: =VLOOKUP($E13,$Z$2:$AD$76,3,FALSE) -> #N/A | AG13: =VLOOKUP($E13,$Z$2:$AD$76,4,FALSE) -> #N/A | AH13: =VLOOKUP($E13,$Z$2:$AD$76,5,FALSE) -> #N/A | AK13: 08-灵性成长
A14: 13 | B14: 07-经典经文 | C14: =YEAR(D14) -> 2020 | D14: 43862 | E14: 礼记 | F14: 二阶 | G14: 刘冬梅 | H14: 8 | I14: 8 | K14: =IF(H14=I14,"完结",IF(H14>I14,"未完结")) -> 完结 | L14: 8 | O14: =IF(H14=L14,"完",IF(H14>L14,"未")) -> 完 | V14: 周统志 | X14: 13-落地智慧-日常生活 | Y14: 衣食住行，个人提升 | Z14: 空性能量 | AA14: 省版 | AB14: 2025/6/5 | AE14: =VLOOKUP($E14,$Z$2:$AD$76,2,FALSE) -> #N/A | AF14: =VLOOKUP($E14,$Z$2:$AD$76,3,FALSE) -> #N/A | AG14: =VLOOKUP($E14,$Z$2:$AD$76,4,FALSE) -> #N/A | AH14: =VLOOKUP($E14,$Z$2:$AD$76,5,FALSE) -> #N/A | AK14: 03-佛法知识-经典
A15: 14 | B15: 18-高维文学-小说 | C15: =YEAR(D15) -> 2020 | D15: 43862 | E15: 公约社区 | F15: 二阶 | G15: 海榆 | H15: ？ | I15: 19 | K15: =IF(H15=I15,"完结",IF(H15>I15,"下载中")) -> 下载中 | L15: 15 | O15: =IF(H15=L15,"完",IF(H15>L15,"未")) -> 未 | V15: 昱嘉 | X15: 14-落地智慧-事业财富 | Y15: 事业，财富 | Z15: 金钱能量 | AA15: 省版 | AB15: 2025/6/5 | AE15: =VLOOKUP($E15,$Z$2:$AD$76,2,FALSE) -> #N/A | AF15: =VLOOKUP($E15,$Z$2:$AD$76,3,FALSE) -> #N/A | AG15: =VLOOKUP($E15,$Z$2:$AD$76,4,FALSE) -> #N/A | AH15: =VLOOKUP($E15,$Z$2:$AD$76,5,FALSE) -> #N/A | AK15: 13-小说
A16: 15 | B16: 18-高维文学-小说 | C16: =YEAR(D16) -> 2020 | D16: 43864 | E16: 无限 | F16: - | G16: 昱嘉 | H16: 4 | I16: 4 | K16: 无文稿 | L16: 0 | O16: =IF(H16=L16,"完",IF(H16>L16,"未")) -> 未 | V16: 温愉琦 | X16: 15-落地智慧-人际关系 | Y16: 爱情，亲子，朋友等 | Z16: 植物能量的起源 | AA16: 省版 | AB16: 2025/6/5 | AE16: =VLOOKUP($E16,$Z$2:$AD$76,2,FALSE) -> #N/A | AF16: =VLOOKUP($E16,$Z$2:$AD$76,3,FALSE) -> #N/A | AG16: =VLOOKUP($E16,$Z$2:$AD$76,4,FALSE) -> #N/A | AH16: =VLOOKUP($E16,$Z$2:$AD$76,5,FALSE) -> #N/A | AK16: 13-小说
A17: 16 | B17: 20-高维解读-时事点评 | C17: =YEAR(D17) -> 2020 | D17: 43864 | E17: 疫情报告 | F17: - | G17: 昱嘉 | H17: 1 | I17: 1 | K17: 暂停 | L17: 0 | O17: =IF(H17=L17,"完",IF(H17>L17,"未")) -> 未 | V17: 共同参与 | X17: 16-新文明新商业 | Z17: 宇宙能量与灵魂的关系 | AA17: 省版 | AB17: 2025/6/5 | AE17: =VLOOKUP($E17,$Z$2:$AD$76,2,FALSE) -> #N/A | AF17: =VLOOKUP($E17,$Z$2:$AD$76,3,FALSE) -> #N/A | AG17: =VLOOKUP($E17,$Z$2:$AD$76,4,FALSE) -> #N/A | AH17: =VLOOKUP($E17,$Z$2:$AD$76,5,FALSE) -> #N/A | AK17: 99-暂停
A18: 17 | B18: 08-灵性成长-灵性基础 | C18: =YEAR(D18) -> 2020 | D18: 43869 | E18: 灵性文章合集（中英文） | F18: 一阶 | G18: 徐丹 | H18: 27 | I18: 27 | K18: =IF(H18=I18,"完结",IF(H18>I18,"未完结")) -> 完结 | L18: 27 | O18: =IF(H18=L18,"完",IF(H18>L18,"未")) -> 完 | V18: 徐丹 | X18: 17-高维文学-散文诗 | Z18: 链接灵魂 | AA18: 省版 | AB18: 2025/6/5 | AE18: =VLOOKUP($E18,$Z$2:$AD$76,2,FALSE) -> #N/A | AF18: =VLOOKUP($E18,$Z$2:$AD$76,3,FALSE) -> #N/A | AG18: =VLOOKUP($E18,$Z$2:$AD$76,4,FALSE) -> #N/A | AH18: =VLOOKUP($E18,$Z$2:$AD$76,5,FALSE) -> #N/A | AK18: 08-灵性成长
A19: 18 | B19: 18-高维文学-小说 | C19: =YEAR(D19) -> 2020 | D19: 43882 | E19: 森林之子 | F19: 公共 | G19: 刘小慧 | H19: 10 | I19: 10 | K19: =IF(H19=I19,"完结",IF(H19>I19,"未完结")) -> 完结 | L19: 10 | O19: =IF(H19=L19,"完",IF(H19>L19,"未")) -> 完 | V19: 含灵 | X19: 18-高维文学-小说 | Z19: 灵魂觉醒 | AA19: 省版 | AB19: 2025/6/5 | AE19: =VLOOKUP($E19,$Z$2:$AD$76,2,FALSE) -> #N/A | AF19: =VLOOKUP($E19,$Z$2:$AD$76,3,FALSE) -> #N/A | AG19: =VLOOKUP($E19,$Z$2:$AD$76,4,FALSE) -> #N/A | AH19: =VLOOKUP($E19,$Z$2:$AD$76,5,FALSE) -> #N/A | AK19: 13-小说
A20: 19 | B20: 08-灵性成长-灵性基础 | C20: =YEAR(D20) -> 2020 | D20: 43883 | E20: 生命之花 | F20: 一阶 | G20: 刘小慧 | H20: 10 | I20: 10 | K20: =IF(H20=I20,"完结",IF(H20>I20,"未完结")) -> 完结 | L20: 10 | O20: =IF(H20=L20,"完",IF(H20>L20,"未")) -> 完 | V20: 星姐 | X20: 19-人物揭秘/传记 | Z20: 解密灵魂出窍 | AA20: 省版 | AB20: 2025/6/5 | AE20: =VLOOKUP($E20,$Z$2:$AD$76,2,FALSE) -> #N/A | AF20: =VLOOKUP($E20,$Z$2:$AD$76,3,FALSE) -> #N/A | AG20: =VLOOKUP($E20,$Z$2:$AD$76,4,FALSE) -> #N/A | AH20: =VLOOKUP($E20,$Z$2:$AD$76,5,FALSE) -> #N/A | AK20: 08-灵性成长
A21: 20 | B21: 07-经典经文 | C21: =YEAR(D21) -> 2020 | D21: 43885 | E21: 四书五经 | F21: 二阶 | G21: 刘冬梅 | H21: =12+8+5+2+8 -> 35 | I21: =12+8+5+2 -> 27 | K21: =IF(H21=I21,"完结",IF(H21>I21,"下载中")) -> 下载中 | L21: 20 | O21: =IF(H21=L21,"完",IF(H21>L21,"未")) -> 未 | V21: 万玲玲 | X21: 20-高维解读-时事点评 | Z21: 人体与灵魂的未解之谜 | AA21: 省版 | AB21: 2025/6/4 | AE21: =VLOOKUP($E21,$Z$2:$AD$76,2,FALSE) -> #N/A | AF21: =VLOOKUP($E21,$Z$2:$AD$76,3,FALSE) -> #N/A | AG21: =VLOOKUP($E21,$Z$2:$AD$76,4,FALSE) -> #N/A | AH21: =VLOOKUP($E21,$Z$2:$AD$76,5,FALSE) -> #N/A | AK21: 03-佛法知识-经典
A22: 21 | B22: 18-高维文学-小说 | C22: =YEAR(D22) -> 2020 | D22: 43892 | E22: 血河之艳 | F22: 一阶 | G22: 李静/刘小慧 | H22: 24 | I22: 24 | K22: =IF(H22=I22,"完结",IF(H22>I22,"未完结")) -> 完结 | L22: 24 | O22: =IF(H22=L22,"完",IF(H22>L22,"未")) -> 完 | V22: 李奕萱 | X22: 21-高维解读-高维影评 | Z22: 宇宙之声 | AA22: 省版 | AB22: 2025/6/4 | AC22: 2025/7/4 | AD22: 已发证 | AE22: =VLOOKUP($E22,$Z$2:$AD$76,2,FALSE) -> #N/A | AF22: =VLOOKUP($E22,$Z$2:$AD$76,3,FALSE) -> #N/A | AG22: =VLOOKUP($E22,$Z$2:$AD$76,4,FALSE) -> #N/A | AH22: =VLOOKUP($E22,$Z$2:$AD$76,5,FALSE) -> #N/A | AK22: 13-小说
A23: 22 | B23: 08-灵性成长-灵性基础 | C23: =YEAR(D23) -> 2020 | D23: 43907 | E23: 灵魂之光 | F23: 一阶 | G23: 刘小慧 | H23: 20 | I23: 20 | K23: =IF(H23=I23,"完结",IF(H23>I23,"未完结")) -> 完结 | L23: 20 | O23: =IF(H23=L23,"完",IF(H23>L23,"未")) -> 完 | P23: 省版 | Q23: 2025/6/4 | R23: 2025/7/4 | S23: 已发证 | V23: 孙晓辰 | X23: 22-高维讯息-基督世界 | Z23: 灵魂之光 | AA23: 省版 | AB23: 2025/6/4 | AC23: 2025/7/4 | AD23: 已发证 | AE23: =VLOOKUP($E23,$Z$2:$AD$76,2,FALSE) -> 省版 | AF23: =VLOOKUP($E23,$Z$2:$AD$76,3,FALSE) -> 2025/6/4 | AG23: =VLOOKUP($E23,$Z$2:$AD$76,4,FALSE) -> 2025/7/4 | AH23: =VLOOKUP($E23,$Z$2:$AD$76,5,FALSE) -> 已发证 | AK23: 08-灵性成长
A24: 23 | B24: 08-灵性成长-灵性基础 | C24: =YEAR(D24) -> 2020 | D24: 43951 | E24: 命运之门 | F24: 一阶 | G24: 刘小慧 | H24: 10 | I24: 10 | K24: =IF(H24=I24,"完结",IF(H24>I24,"未完结")) -> 完结 | L24: 10 | O24: =IF(H24=L24,"完",IF(H24>L24,"未")) -> 完 | V24: 林臻皓 | X24: 23-高维讯息-穆斯林世界 | Z24: 363号宇宙史 | AA24: 国版 | AB24: 2025/4/29 | AC24: 2025/4/30 | AD24: 已发证 | AE24: =VLOOKUP($E24,$Z$2:$AD$76,2,FALSE) -> #N/A | AF24: =VLOOKUP($E24,$Z$2:$AD$76,3,FALSE) -> #N/A | AG24: =VLOOKUP($E24,$Z$2:$AD$76,4,FALSE) -> #N/A | AH24: =VLOOKUP($E24,$Z$2:$AD$76,5,FALSE) -> #N/A | AK24: 08-灵性成长
A25: 24 | B25: 08-灵性成长-灵性基础 | C25: =YEAR(D25) -> 2020 | D25: 43966 | E25: 三生三世 | F25: 一阶 | G25: 惠敏 | H25: 9 | I25: 9 | K25: =IF(H25=I25,"完结",IF(H25>I25,"未完结")) -> 完结 | L25: 9 | O25: =IF(H25=L25,"完",IF(H25>L25,"未")) -> 完 | V25: 海榆 | X25: 24-百家讲坛 | Z25: 地球文明史 | AA25: 国版 | AB25: 2025/5/27 | AC25: 2025/5/28 | AD25: 已发证 | AE25: =VLOOKUP($E25,$Z$2:$AD$76,2,FALSE) -> #N/A | AF25: =VLOOKUP($E25,$Z$2:$AD$76,3,FALSE) -> #N/A | AG25: =VLOOKUP($E25,$Z$2:$AD$76,4,FALSE) -> #N/A | AH25: =VLOOKUP($E25,$Z$2:$AD$76,5,FALSE) -> #N/A | AK25: 08-灵性成长
A26: 25 | B26: 19-人物揭秘/传记 | C26: =YEAR(D26) -> 2020 | D26: 43979 | E26: 紫薇圣人与弥赛亚 | F26: 二阶 | G26: 徐丹 | H26: 4 | I26: 4 | K26: =IF(H26=I26,"完结",IF(H26>I26,"未完结")) -> 完结 | L26: 0 | O26: =IF(H26=L26,"完",IF(H26>L26,"未")) -> 未 | V26: 吴英 | Z26: 亚特兰蒂斯的兴衰 | AA26: 国版 | AB26: 2025/5/28 | AC26: 2025/5/28 | AD26: 已发证 | AE26: =VLOOKUP($E26,$Z$2:$AD$76,2,FALSE) -> #N/A | AF26: =VLOOKUP($E26,$Z$2:$AD$76,3,FALSE) -> #N/A | AG26: =VLOOKUP($E26,$Z$2:$AD$76,4,FALSE) -> #N/A | AH26: =VLOOKUP($E26,$Z$2:$AD$76,5,FALSE) -> #N/A | AK26: 15-人物揭秘
A27: 26 | B27: 04-地球文明/地球扬升 | C27: =YEAR(D27) -> 2020 | D27: 43983 | E27: 地球文明史 | F27: 一阶 | G27: 刘冬梅 | H27: 14 | I27: 13 | K27: =IF(H27=I27,"完结",IF(H27>I27,"下载中")) -> 下载中 | L27: 13 | O27: =IF(H27=L27,"完",IF(H27>L27,"未")) -> 未 | P27: 国版 | Q27: 2025/5/27 | R27: 2025/5/28 | S27: 已发证 | V27: 杜旻旻 | Z27: 海底之星：鲛人族 | AA27: 国版 | AB27: 2025/5/28 | AC27: 2025/5/28 | AD27: 已发证 | AE27: =VLOOKUP($E27,$Z$2:$AD$76,2,FALSE) -> 国版 | AF27: =VLOOKUP($E27,$Z$2:$AD$76,3,FALSE) -> 2025/5/27 | AG27: =VLOOKUP($E27,$Z$2:$AD$76,4,FALSE) -> 2025/5/28 | AH27: =VLOOKUP($E27,$Z$2:$AD$76,5,FALSE) -> 已发证 | AK27: 04-地球扬升
A28: 27 | B28: 02-宇宙知识-平行空间 | C28: =YEAR(D28) -> 2020 | D28: 43987 | E28: 火星智慧 | F28: 一阶 | G28: 惠敏 | H28: 10 | I28: 10 | K28: =IF(H28=I28,"完结",IF(H28>I28,"未完结")) -> 完结 | L28: 10 | O28: =IF(H28=L28,"完",IF(H28>L28,"未")) -> 完 | P28: 国版 | Q28: 2025/5/28 | R28: 2025/5/28 | S28: 已发证 | V28: 陈琪琪/刘小慧 | Z28: 363号宇宙科学家之三次元释义 | AA28: 省版 | AB28: 2025/6/2 | AC28: 2025/7/3 | AD28: 已发证 | AE28: =VLOOKUP($E28,$Z$2:$AD$76,2,FALSE) -> 国版 | AF28: =VLOOKUP($E28,$Z$2:$AD$76,3,FALSE) -> 2025/5/28 | AG28: =VLOOKUP($E28,$Z$2:$AD$76,4,FALSE) -> 2025/5/28 | AH28: =VLOOKUP($E28,$Z$2:$AD$76,5,FALSE) -> 已发证 | AK28: 07-宇宙知识-宇宙文明
A29: 28 | B29: 02-宇宙知识-平行空间 | C29: =YEAR(D29) -> 2020 | D29: 43998 | E29: 龙族的文明 | F29: 一阶 | G29: 张轶群 | H29: 11 | I29: 11 | K29: =IF(H29=I29,"完结",IF(H29>I29,"未完结")) -> 完结 | L29: 3 | O29: =IF(H29=L29,"完",IF(H29>L29,"未")) -> 未 | P29: 国版 | Q29: 2025/5/5 | R29: 2025/5/5 | S29: 已发证 | V29: 李静/刘小慧 | Z29: 宇宙大百科 | AB29: 2025/6/6 | AD29: 阶段稿已存证 | AE29: =VLOOKUP($E29,$Z$2:$AD$76,2,FALSE) -> 国版 | AF29: =VLOOKUP($E29,$Z$2:$AD$76,3,FALSE) -> 2025/5/5 | AG29: =VLOOKUP($E29,$Z$2:$AD$76,4,FALSE) -> 2025/5/5 | AH29: =VLOOKUP($E29,$Z$2:$AD$76,5,FALSE) -> 已发证 | AK29: 07-宇宙知识-宇宙文明
A30: 29 | B30: 02-宇宙知识-平行空间 | C30: =YEAR(D30) -> 2020 | D30: 44008 | E30: 龙族的画报 | F30: 一阶 | G30: 张轶群 | H30: 2 | I30: 2 | K30: =IF(H30=I30,"完结",IF(H30>I30,"未完结")) -> 完结 | L30: 0 | O30: =IF(H30=L30,"完",IF(H30>L30,"未")) -> 未 | V30: 卢卢 | Z30: 363号宇宙空间构成学 | AA30: 省版 | AB30: 2025/6/2 | AC30: 2025/7/3 | AD30: 已发证 | AE30: =VLOOKUP($E30,$Z$2:$AD$76,2,FALSE) -> #N/A | AF30: =VLOOKUP($E30,$Z$2:$AD$76,3,FALSE) -> #N/A | AG30: =VLOOKUP($E30,$Z$2:$AD$76,4,FALSE) -> #N/A | AH30: =VLOOKUP($E30,$Z$2:$AD$76,5,FALSE) -> #N/A | AK30: 07-宇宙知识-宇宙文明
A31: 30 | B31: 12-修行修心-实修指南 | C31: =YEAR(D31) -> 2020 | D31: 44015 | E31: 禅修的秘密 | F31: 二阶 | G31: 惠敏 | H31: 16 | I31: 16 | K31: =IF(H31=I31,"完结",IF(H31>I31,"未完结")) -> 完结 | L31: 16 | O31: =IF(H31=L31,"完",IF(H31>L31,"未")) -> 完 | V31: 冯昆 | Z31: 363号宇宙星系运算法则 | AA31: 省版 | AB31: 2025/6/2 | AC31: 2025/7/3 | AD31: 已发证 | AE31: =VLOOKUP($E31,$Z$2:$AD$76,2,FALSE) -> #N/A | AF31: =VLOOKUP($E31,$Z$2:$AD$76,3,FALSE) -> #N/A | AG31: =VLOOKUP($E31,$Z$2:$AD$76,4,FALSE) -> #N/A | AH31: =VLOOKUP($E31,$Z$2:$AD$76,5,FALSE) -> #N/A | AK31: 05-禅修指导
A32: 31 | B32: 02-宇宙知识-平行空间 | C32: =YEAR(D32) -> 2020 | D32: 44021 | E32: 龙的秘密 | F32: 一阶 | G32: 张轶群 | H32: 12 | I32: 12 | K32: =IF(H32=I32,"完结",IF(H32>I32,"未完结")) -> 完结 | L32: 0 | O32: =IF(H32=L32,"完",IF(H32>L32,"未")) -> 未 | V32: 夏柚佳 | Z32: 363号宇宙银河系的构成 | AA32: 省版 | AB32: 2025/6/2 | AC32: 2025/7/3 | AD32: 已发证 | AE32: =VLOOKUP($E32,$Z$2:$AD$76,2,FALSE) -> #N/A | AF32: =VLOOKUP($E32,$Z$2:$AD$76,3,FALSE) -> #N/A | AG32: =VLOOKUP($E32,$Z$2:$AD$76,4,FALSE) -> #N/A | AH32: =VLOOKUP($E32,$Z$2:$AD$76,5,FALSE) -> #N/A | AK32: 07-宇宙知识-宇宙文明
A33: 32 | B33: 02-宇宙知识-平行空间 | C33: =YEAR(D33) -> 2020 | D33: 44023 | E33: 金星世界 | F33: 一阶 | G33: 惠敏 | H33: 5 | I33: 5 | K33: =IF(H33=I33,"完结",IF(H33>I33,"未完结")) -> 完结 | L33: 4 | O33: =IF(H33=L33,"完",IF(H33>L33,"未")) -> 未 | P33: 国版 | Q33: 2025/5/28 | R33: 2025/5/28 | S33: 已发证 | Z33: 遨游宇宙 | AA33: 省版 | AB33: 2025/6/2 | AC33: 2025/7/4 | AD33: 已发证 | AE33: =VLOOKUP($E33,$Z$2:$AD$76,2,FALSE) -> 国版 | AF33: =VLOOKUP($E33,$Z$2:$AD$76,3,FALSE) -> 2025/5/28 | AG33: =VLOOKUP($E33,$Z$2:$AD$76,4,FALSE) -> 2025/5/28 | AH33: =VLOOKUP($E33,$Z$2:$AD$76,5,FALSE) -> 已发证 | AK33: 07-宇宙知识-宇宙文明
A34: 33 | B34: 02-宇宙知识-平行空间 | C34: =YEAR(D34) -> 2020 | D34: 44028 | E34: 龙族如何管理三次元地球 | F34: 一阶 | G34: 张轶群 | H34: 4 | I34: 4 | K34: 无文稿 | L34: 0 | O34: =IF(H34=L34,"完",IF(H34>L34,"未")) -> 未 | Z34: 万有空间论 | AA34: 省版 | AB34: 2025/6/3 | AC34: 2025/7/4 | AD34: 已发证 | AE34: =VLOOKUP($E34,$Z$2:$AD$76,2,FALSE) -> #N/A | AF34: =VLOOKUP($E34,$Z$2:$AD$76,3,FALSE) -> #N/A | AG34: =VLOOKUP($E34,$Z$2:$AD$76,4,FALSE) -> #N/A | AH34: =VLOOKUP($E34,$Z$2:$AD$76,5,FALSE) -> #N/A | AK34: 07-宇宙知识-宇宙文明
A35: 34 | B35: 12-修行修心-实修指南 | C35: =YEAR(D35) -> 2020 | D35: 44031 | E35: 解密灵魂出窍 | F35: 一阶 | G35: 张轶群 | H35: 5 | I35: 5 | K35: =IF(H35=I35,"完结",IF(H35>I35,"未完结")) -> 完结 | L35: 5 | O35: =IF(H35=L35,"完",IF(H35>L35,"未")) -> 完 | P35: 省版 | Q35: 2025/6/5 | R35: 0 | S35: 0 | Z35: 日光宇宙 | AA35: 省版 | AB35: 2025/6/4 | AC35: 2025/7/4 | AD35: 已发证 | AE35: =VLOOKUP($E35,$Z$2:$AD$76,2,FALSE) -> 省版 | AF35: =VLOOKUP($E35,$Z$2:$AD$76,3,FALSE) -> 2025/6/5 | AG35: =VLOOKUP($E35,$Z$2:$AD$76,4,FALSE) -> 0 | AH35: =VLOOKUP($E35,$Z$2:$AD$76,5,FALSE) -> 0 | AK35: 05-禅修指导
A36: 35 | B36: 12-修行修心-实修指南 | C36: =YEAR(D36) -> 2020 | D36: 44031 | E36: 天目 | F36: 一阶 | G36: 惠敏 | H36: 6 | I36: 6 | K36: =IF(H36=I36,"完结",IF(H36>I36,"未完结")) -> 完结 | L36: 4 | O36: =IF(H36=L36,"完",IF(H36>L36,"未")) -> 未 | Z36: 天河水，神圣的母亲河 | AA36: 省版 | AB36: 2025/6/4 | AC36: 2025/7/4 | AD36: 已发证 | AE36: =VLOOKUP($E36,$Z$2:$AD$76,2,FALSE) -> #N/A | AF36: =VLOOKUP($E36,$Z$2:$AD$76,3,FALSE) -> #N/A | AG36: =VLOOKUP($E36,$Z$2:$AD$76,4,FALSE) -> #N/A | AH36: =VLOOKUP($E36,$Z$2:$AD$76,5,FALSE) -> #N/A | AK36: 05-禅修指导
A37: 36 | B37: 12-修行修心-实修指南 | C37: =YEAR(D37) -> 2020 | D37: 44031 | E37: 中脉开启方法 | F37: 三阶 | G37: 刘小慧 | H37: 7 | I37: 7 | K37: =IF(H37=I37,"完结",IF(H37>I37,"未完结")) -> 完结 | L37: 7 | O37: =IF(H37=L37,"完",IF(H37>L37,"未")) -> 完 | Z37: 363号宇宙科学系列（暗物质+反物质+引力波） | AA37: 省版 | AB37: 2025/5/31 | AC37: 2025/7/3 | AD37: 已发证 | AE37: =VLOOKUP($E37,$Z$2:$AD$76,2,FALSE) -> #N/A | AF37: =VLOOKUP($E37,$Z$2:$AD$76,3,FALSE) -> #N/A | AG37: =VLOOKUP($E37,$Z$2:$AD$76,4,FALSE) -> #N/A | AH37: =VLOOKUP($E37,$Z$2:$AD$76,5,FALSE) -> #N/A | AK37: 05-禅修指导
A38: 37 | B38: 08-灵性成长-灵性基础 | C38: =YEAR(D38) -> 2020 | D38: 44036 | E38: 倾听花开的声音 | F38: - | G38: 张轶群 | H38: 6 | I38: 2 | K38: 暂停 | L38: 0 | O38: =IF(H38=L38,"完",IF(H38>L38,"未")) -> 未 | Z38: 暗物质，宇宙的卸载器 | AA38: 省版 | AB38: 2025/5/31 | AC38: 2025/7/3 | AD38: 已发证 | AE38: =VLOOKUP($E38,$Z$2:$AD$76,2,FALSE) -> #N/A | AF38: =VLOOKUP($E38,$Z$2:$AD$76,3,FALSE) -> #N/A | AG38: =VLOOKUP($E38,$Z$2:$AD$76,4,FALSE) -> #N/A | AH38: =VLOOKUP($E38,$Z$2:$AD$76,5,FALSE) -> #N/A | AK38: 99-暂停
A39: 38 | B39: 12-修行修心-实修指南 | C39: =YEAR(D39) -> 2020 | D39: 44038 | E39: 灵魂觉醒 | F39: 一阶 | G39: 张轶群 | H39: 6 | I39: 6 | K39: =IF(H39=I39,"完结",IF(H39>I39,"未完结")) -> 完结 | L39: 6 | O39: =IF(H39=L39,"完",IF(H39>L39,"未")) -> 完 | P39: 省版 | Q39: 2025/6/5 | R39: 0 | S39: 0 | Z39: 时光机穿越 | AA39: 省版 | AB39: 2025/5/31 | AC39: 2025/7/3 | AD39: 已发证 | AE39: =VLOOKUP($E39,$Z$2:$AD$76,2,FALSE) -> 省版 | AF39: =VLOOKUP($E39,$Z$2:$AD$76,3,FALSE) -> 2025/6/5 | AG39: =VLOOKUP($E39,$Z$2:$AD$76,4,FALSE) -> 0 | AH39: =VLOOKUP($E39,$Z$2:$AD$76,5,FALSE) -> 0 | AK39: 05-禅修指导
A40: 39 | B40: 04-地球文明/地球扬升 | C40: =YEAR(D40) -> 2020 | D40: 44042 | E40: 三次元地球的提升 | F40: 二阶 | G40: 刘小慧 | H40: 5 | I40: 5 | K40: =IF(H40=I40,"完结",IF(H40>I40,"未完结")) -> 完结 | L40: 5 | O40: =IF(H40=L40,"完",IF(H40>L40,"未")) -> 完 | P40: 省版 | Q40: 2025/5/30 | R40: 2025/7/3 | S40: 已发证 | Z40: 时间之窗 | AA40: 省版 | AB40: 2025/5/31 | AC40: 2025/7/3 | AD40: 已发证 | AE40: =VLOOKUP($E40,$Z$2:$AD$76,2,FALSE) -> 省版 | AF40: =VLOOKUP($E40,$Z$2:$AD$76,3,FALSE) -> 2025/5/30 | AG40: =VLOOKUP($E40,$Z$2:$AD$76,4,FALSE) -> 2025/7/3 | AH40: =VLOOKUP($E40,$Z$2:$AD$76,5,FALSE) -> 已发证 | AK40: 04-地球扬升
A41: 40 | B41: 02-宇宙知识-平行空间 | C41: =YEAR(D41) -> 2020 | D41: 44046 | E41: 凤凰族的文明 | F41: - | G41: 张轶群 | H41: 8 | I41: 8 | K41: =IF(H41=I41,"完结",IF(H41>I41,"未完结")) -> 完结 | L41: 0 | O41: =IF(H41=L41,"完",IF(H41>L41,"未")) -> 未 | Z41: 宇宙地图 | AA41: 国版 | AB41: 2025/4/24 | AC41: 2025/4/25 | AD41: 已发证 | AE41: =VLOOKUP($E41,$Z$2:$AD$76,2,FALSE) -> #N/A | AF41: =VLOOKUP($E41,$Z$2:$AD$76,3,FALSE) -> #N/A | AG41: =VLOOKUP($E41,$Z$2:$AD$76,4,FALSE) -> #N/A | AH41: =VLOOKUP($E41,$Z$2:$AD$76,5,FALSE) -> #N/A | AK41: 07-宇宙知识-宇宙文明
A42: 41 | B42: 04-地球文明/地球扬升 | C42: =YEAR(D42) -> 2020 | D42: 44049 | E42: 四次元地球 | F42: 一阶 | G42: 刘小慧 | H42: 5 | I42: 5 | K42: =IF(H42=I42,"完结",IF(H42>I42,"未完结")) -> 完结 | L42: 5 | O42: =IF(H42=L42,"完",IF(H42>L42,"未")) -> 完 | P42: 省版 | Q42: 2025/5/29 | R42: 2025/5/30 | S42: 已发证 | Z42: 星座的秘密 | AA42: 省版 | AB42: 2025/5/30 | AC42: 2025/5/30 | AD42: 已发证 | AE42: =VLOOKUP($E42,$Z$2:$AD$76,2,FALSE) -> 省版 | AF42: =VLOOKUP($E42,$Z$2:$AD$76,3,FALSE) -> 2025/5/29 | AG42: =VLOOKUP($E42,$Z$2:$AD$76,4,FALSE) -> 2025/5/30 | AH42: =VLOOKUP($E42,$Z$2:$AD$76,5,FALSE) -> 已发证 | AK42: 07-宇宙知识-宇宙文明
A43: 42 | B43: 08-灵性成长-灵性基础 | C43: =YEAR(D43) -> 2020 | D43: 44053 | E43: 第三世界 | F43: 一阶 | G43: 惠敏 | H43: 10 | I43: 3 | K43: =IF(H43=I43,"完结",IF(H43>I43,"下载中")) -> 下载中 | L43: 2 | O43: =IF(H43=L43,"完",IF(H43>L43,"未")) -> 未 | P43: 0 | Q43: 2025/6/6 | R43: 0 | S43: 阶段稿已存证 | Z43: 智慧中枢系统学 | AA43: 省版 | AB43: 2025/5/30 | AC43: 2025/5/30 | AD43: 已发证 | AE43: =VLOOKUP($E43,$Z$2:$AD$76,2,FALSE) -> 0 | AF43: =VLOOKUP($E43,$Z$2:$AD$76,3,FALSE) -> 2025/6/6 | AG43: =VLOOKUP($E43,$Z$2:$AD$76,4,FALSE) -> 0 | AH43: =VLOOKUP($E43,$Z$2:$AD$76,5,FALSE) -> 阶段稿已存证 | AK43: 05-禅修指导
A44: 43 | B44: 02-宇宙知识-平行空间 | C44: =YEAR(D44) -> 2020 | D44: 44055 | E44: 凤凰的秘密 | F44: - | G44: 张轶群 | H44: 5 | I44: 1 | K44: 暂停 | L44: 0 | O44: =IF(H44=L44,"完",IF(H44>L44,"未")) -> 未 | Z44: 螺旋体及其在宇宙当中的应用 | AA44: 省版 | AB44: 2025/5/30 | AC44: 2025/5/30 | AD44: 已发证 | AE44: =VLOOKUP($E44,$Z$2:$AD$76,2,FALSE) -> #N/A | AF44: =VLOOKUP($E44,$Z$2:$AD$76,3,FALSE) -> #N/A | AG44: =VLOOKUP($E44,$Z$2:$AD$76,4,FALSE) -> #N/A | AH44: =VLOOKUP($E44,$Z$2:$AD$76,5,FALSE) -> #N/A | AK44: 99-暂停
A45: 44 | B45: 07-经典经文 | C45: =YEAR(D45) -> 2020 | D45: 44056 | E45: 瑜伽经 | F45: 二阶 | G45: 刘小慧 | H45: 10 | I45: 10 | K45: =IF(H45=I45,"完结",IF(H45>I45,"未完结")) -> 完结 | L45: 10 | O45: =IF(H45=L45,"完",IF(H45>L45,"未")) -> 完 | Z45: 三次元地球的提升 | AA45: 省版 | AB45: 2025/5/30 | AC45: 2025/7/3 | AD45: 已发证 | AE45: =VLOOKUP($E45,$Z$2:$AD$76,2,FALSE) -> #N/A | AF45: =VLOOKUP($E45,$Z$2:$AD$76,3,FALSE) -> #N/A | AG45: =VLOOKUP($E45,$Z$2:$AD$76,4,FALSE) -> #N/A | AH45: =VLOOKUP($E45,$Z$2:$AD$76,5,FALSE) -> #N/A | AK45: 03-佛法知识-经典
A46: 45 | B46: 06-佛法基础常识 | C46: =YEAR(D46) -> 2020 | D46: 44058 | E46: 双身法 | F46: 二阶 | G46: 张轶群 | H46: 1 | I46: 1 | K46: =IF(H46=I46,"完结",IF(H46>I46,"未完结")) -> 完结 | L46: 0 | O46: =IF(H46=L46,"完",IF(H46>L46,"未")) -> 未 | Z46: 地球提升之路 | AA46: 省版 | AB46: 2025/5/30 | AC46: 2025/7/3 | AD46: 已发证 | AE46: =VLOOKUP($E46,$Z$2:$AD$76,2,FALSE) -> #N/A | AF46: =VLOOKUP($E46,$Z$2:$AD$76,3,FALSE) -> #N/A | AG46: =VLOOKUP($E46,$Z$2:$AD$76,4,FALSE) -> #N/A | AH46: =VLOOKUP($E46,$Z$2:$AD$76,5,FALSE) -> #N/A | AK46: 15-人物揭秘
A47: 46 | B47: 08-灵性成长-灵性基础 | C47: =YEAR(D47) -> 2020 | D47: 44071 | E47: 时间之窗 | F47: 二阶 | G47: 惠敏 | H47: 6 | I47: 6 | K47: =IF(H47=I47,"完结",IF(H47>I47,"未完结")) -> 完结 | L47: 6 | O47: =IF(H47=L47,"完",IF(H47>L47,"未")) -> 完 | P47: 省版 | Q47: 2025/5/31 | R47: 2025/7/3 | S47: 已发证 | Z47: 第三世界 | AB47: 2025/6/6 | AD47: 阶段稿已存证 | AE47: =VLOOKUP($E47,$Z$2:$AD$76,2,FALSE) -> 省版 | AF47: =VLOOKUP($E47,$Z$2:$AD$76,3,FALSE) -> 2025/5/31 | AG47: =VLOOKUP($E47,$Z$2:$AD$76,4,FALSE) -> 2025/7/3 | AH47: =VLOOKUP($E47,$Z$2:$AD$76,5,FALSE) -> 已发证 | AK47: 06-宇宙知识-宇宙实相
A48: 47 | B48: 07-经典经文 | C48: =YEAR(D48) -> 2020 | D48: 44076 | E48: 玄洞 | F48: 二阶 | G48: 惠敏 | H48: 5 | I48: 5 | K48: =IF(H48=I48,"完结",IF(H48>I48,"未完结")) -> 完结 | L48: 0 | O48: =IF(H48=L48,"完",IF(H48>L48,"未")) -> 未 | Z48: 363号宇宙灵魂档案馆 | AA48: 省版 | AB48: 2025/5/29 | AC48: 2025/5/30 | AD48: 已发证 | AE48: =VLOOKUP($E48,$Z$2:$AD$76,2,FALSE) -> #N/A | AF48: =VLOOKUP($E48,$Z$2:$AD$76,3,FALSE) -> #N/A | AG48: =VLOOKUP($E48,$Z$2:$AD$76,4,FALSE) -> #N/A | AH48: =VLOOKUP($E48,$Z$2:$AD$76,5,FALSE) -> #N/A | AK48: 03-佛法知识-经典
A49: 48 | B49: 06-佛法基础常识 | C49: =YEAR(D49) -> 2020 | D49: 44077 | E49: 因果 | F49: 一阶 | G49: 王靖 | H49: 4 | I49: 4 | K49: =IF(H49=I49,"完结",IF(H49>I49,"未完结")) -> 完结 | L49: 4 | O49: =IF(H49=L49,"完",IF(H49>L49,"未")) -> 完 | Z49: 灵魂档案馆揭秘篇 | AA49: 省版 | AB49: 2025/5/29 | AC49: 2025/5/30 | AD49: 已发证 | AE49: =VLOOKUP($E49,$Z$2:$AD$76,2,FALSE) -> #N/A | AF49: =VLOOKUP($E49,$Z$2:$AD$76,3,FALSE) -> #N/A | AG49: =VLOOKUP($E49,$Z$2:$AD$76,4,FALSE) -> #N/A | AH49: =VLOOKUP($E49,$Z$2:$AD$76,5,FALSE) -> #N/A | AK49: 01-佛法知识-基础常识
A50: 49 | B50: 01-宇宙知识-宇宙法则 | C50: =YEAR(D50) -> 2020 | D50: 44077 | E50: 宇宙能量与灵魂的关系 | F50: 一阶 | G50: 沛生 | H50: 5 | I50: 5 | K50: =IF(H50=I50,"完结",IF(H50>I50,"未完结")) -> 完结 | L50: 5 | O50: =IF(H50=L50,"完",IF(H50>L50,"未")) -> 完 | P50: 省版 | Q50: 2025/6/5 | R50: 0 | S50: 0 | Z50: 轮回系统的科学设计 | AA50: 省版 | AB50: 2025/5/29 | AC50: 2025/5/30 | AD50: 已发证 | AE50: =VLOOKUP($E50,$Z$2:$AD$76,2,FALSE) -> 省版 | AF50: =VLOOKUP($E50,$Z$2:$AD$76,3,FALSE) -> 2025/6/5 | AG50: =VLOOKUP($E50,$Z$2:$AD$76,4,FALSE) -> 0 | AH50: =VLOOKUP($E50,$Z$2:$AD$76,5,FALSE) -> 0 | AK50: 06-宇宙知识-宇宙实相
A51: 50 | B51: 06-佛法基础常识 | C51: =YEAR(D51) -> 2020 | D51: 44080 | E51: 命运 | F51: 一阶 | G51: 王靖 | H51: 5 | I51: 5 | K51: =IF(H51=I51,"完结",IF(H51>I51,"未完结")) -> 完结 | L51: 5 | O51: =IF(H51=L51,"完",IF(H51>L51,"未")) -> 完 | Z51: 轮回 | AA51: 省版 | AB51: 2025/5/29 | AC51: 2025/5/30 | AD51: 已发证 | AE51: =VLOOKUP($E51,$Z$2:$AD$76,2,FALSE) -> #N/A | AF51: =VLOOKUP($E51,$Z$2:$AD$76,3,FALSE) -> #N/A | AG51: =VLOOKUP($E51,$Z$2:$AD$76,4,FALSE) -> #N/A | AH51: =VLOOKUP($E51,$Z$2:$AD$76,5,FALSE) -> #N/A | AK51: 01-佛法知识-基础常识
A52: 51 | B52: 01-宇宙知识-宇宙法则 | C52: =YEAR(D52) -> 2020 | D52: 44080 | E52: 时空穿梭 | F52: 一阶 | G52: 沛生 | H52: 5 | I52: 5 | K52: =IF(H52=I52,"完结",IF(H52>I52,"未完结")) -> 完结 | L52: 5 | O52: =IF(H52=L52,"完",IF(H52>L52,"未")) -> 完 | Z52: 地狱道系列 | AA52: 省版 | AB52: 2025/5/29 | AC52: 2025/5/30 | AD52: 已发证 | AE52: =VLOOKUP($E52,$Z$2:$AD$76,2,FALSE) -> #N/A | AF52: =VLOOKUP($E52,$Z$2:$AD$76,3,FALSE) -> #N/A | AG52: =VLOOKUP($E52,$Z$2:$AD$76,4,FALSE) -> #N/A | AH52: =VLOOKUP($E52,$Z$2:$AD$76,5,FALSE) -> #N/A | AK52: 06-宇宙知识-宇宙实相
A53: 52 | B53: 12-修行修心-实修指南 | C53: =YEAR(D53) -> 2020 | D53: 44082 | E53: 禅境密意 | F53: 三阶 | G53: 周统志 | H53: 8 | I53: 8 | K53: =IF(H53=I53,"完结",IF(H53>I53,"未完结")) -> 完结 | L53: 8 | O53: =IF(H53=L53,"完",IF(H53>L53,"未")) -> 完 | Z53: 金星世界 | AA53: 国版 | AB53: 2025/5/28 | AC53: 2025/5/28 | AD53: 已发证 | AE53: =VLOOKUP($E53,$Z$2:$AD$76,2,FALSE) -> #N/A | AF53: =VLOOKUP($E53,$Z$2:$AD$76,3,FALSE) -> #N/A | AG53: =VLOOKUP($E53,$Z$2:$AD$76,4,FALSE) -> #N/A | AH53: =VLOOKUP($E53,$Z$2:$AD$76,5,FALSE) -> #N/A | AK53: 02-佛法知识-佛法高阶
A54: 53 | B54: 14-落地智慧-事业财富 | C54: =YEAR(D54) -> 2020 | D54: 44082 | E54: 金钱与财富 | F54: 一阶 | G54: 刘冬梅 | H54: 10 | I54: 10 | K54: =IF(H54=I54,"完结",IF(H54>I54,"未完结")) -> 完结 | L54: 10 | O54: =IF(H54=L54,"完",IF(H54>L54,"未")) -> 完 | Z54: 火星智慧 | AA54: 国版 | AB54: 2025/5/28 | AC54: 2025/5/28 | AD54: 已发证 | AE54: =VLOOKUP($E54,$Z$2:$AD$76,2,FALSE) -> #N/A | AF54: =VLOOKUP($E54,$Z$2:$AD$76,3,FALSE) -> #N/A | AG54: =VLOOKUP($E54,$Z$2:$AD$76,4,FALSE) -> #N/A | AH54: =VLOOKUP($E54,$Z$2:$AD$76,5,FALSE) -> #N/A | AK54: 08-灵性成长
A55: 54 | B55: 06-佛法基础常识 | C55: =YEAR(D55) -> 2020 | D55: 44085 | E55: 轮回 | F55: 一阶 | G55: 王靖 | H55: 6 | I55: 6 | K55: =IF(H55=I55,"完结",IF(H55>I55,"未完结")) -> 完结 | L55: 4 | O55: =IF(H55=L55,"完",IF(H55>L55,"未")) -> 未 | P55: 省版 | Q55: 2025/5/29 | R55: 2025/5/30 | S55: 已发证 | Z55: 花仙子之家 | AA55: 国版 | AB55: 2025/5/27 | AC55: 2025/5/28 | AD55: 已发证 | AE55: =VLOOKUP($E55,$Z$2:$AD$76,2,FALSE) -> 省版 | AF55: =VLOOKUP($E55,$Z$2:$AD$76,3,FALSE) -> 2025/5/29 | AG55: =VLOOKUP($E55,$Z$2:$AD$76,4,FALSE) -> 2025/5/30 | AH55: =VLOOKUP($E55,$Z$2:$AD$76,5,FALSE) -> 已发证 | AK55: 01-佛法知识-基础常识
A56: 55 | B56: 03-宇宙知识-外星文明 | C56: =YEAR(D56) -> 2020 | D56: 44087 | E56: 让外星高科技划过苍穹 | F56: 一阶 | G56: 刘小慧 | H56: 10 | I56: 10 | K56: =IF(H56=I56,"完结",IF(H56>I56,"未完结")) -> 完结 | L56: 10 | O56: =IF(H56=L56,"完",IF(H56>L56,"未")) -> 完 | P56: 国版 | Q56: 2025/5/30 | R56: 2025/5/30 | S56: 已发证 | Z56: 四次元地球 | AA56: 省版 | AB56: 2025/5/29 | AC56: 2025/5/30 | AD56: 已发证 | AE56: =VLOOKUP($E56,$Z$2:$AD$76,2,FALSE) -> 国版 | AF56: =VLOOKUP($E56,$Z$2:$AD$76,3,FALSE) -> 2025/5/30 | AG56: =VLOOKUP($E56,$Z$2:$AD$76,4,FALSE) -> 2025/5/30 | AH56: =VLOOKUP($E56,$Z$2:$AD$76,5,FALSE) -> 已发证 | AK56: 07-宇宙知识-宇宙文明
A57: 56 | B57: 01-宇宙知识-宇宙法则 | C57: =YEAR(D57) -> 2020 | D57: 44088 | E57: 能量法则 | F57: 三阶 | G57: 沛生 | H57: 5 | I57: 5 | K57: =IF(H57=I57,"完结",IF(H57>I57,"未完结")) -> 完结 | L57: 5 | O57: =IF(H57=L57,"完",IF(H57>L57,"未")) -> 完 | P57: 省版 | Q57: 2025/6/5 | R57: 0 | S57: 0 | Z57: 四次元之家 | AA57: 省版 | AB57: 2025/5/29 | AC57: 2025/5/30 | AD57: 已发证 | AE57: =VLOOKUP($E57,$Z$2:$AD$76,2,FALSE) -> 省版 | AF57: =VLOOKUP($E57,$Z$2:$AD$76,3,FALSE) -> 2025/6/5 | AG57: =VLOOKUP($E57,$Z$2:$AD$76,4,FALSE) -> 0 | AH57: =VLOOKUP($E57,$Z$2:$AD$76,5,FALSE) -> 0 | AK57: 06-宇宙知识-宇宙实相
A58: 57 | B58: 04-地球文明/地球扬升 | C58: =YEAR(D58) -> 2020 | D58: 44090 | E58: 四次元之家 | F58: 二阶 | G58: 惠敏 | H58: 7 | I58: 7 | K58: =IF(H58=I58,"完结",IF(H58>I58,"未完结")) -> 完结 | L58: 7 | O58: =IF(H58=L58,"完",IF(H58>L58,"未")) -> 完 | P58: 省版 | Q58: 2025/5/29 | R58: 2025/5/30 | S58: 已发证 | Z58: 五次元文明 | AA58: 省版 | AB58: 2025/5/29 | AC58: 2025/5/30 | AD58: 已发证 | AE58: =VLOOKUP($E58,$Z$2:$AD$76,2,FALSE) -> 省版 | AF58: =VLOOKUP($E58,$Z$2:$AD$76,3,FALSE) -> 2025/5/29 | AG58: =VLOOKUP($E58,$Z$2:$AD$76,4,FALSE) -> 2025/5/30 | AH58: =VLOOKUP($E58,$Z$2:$AD$76,5,FALSE) -> 已发证 | AK58: 07-宇宙知识-宇宙文明
A59: 58 | B59: 06-佛法基础常识 | C59: =YEAR(D59) -> 2020 | D59: 44094 | E59: 缘分 | F59: 一阶 | G59: 王靖 | H59: 5 | I59: 5 | K59: =IF(H59=I59,"完结",IF(H59>I59,"未完结")) -> 完结 | L59: 5 | O59: =IF(H59=L59,"完",IF(H59>L59,"未")) -> 完 | Z59: 六次元香巴拉空间构造 | AB59: 2025/5/30 | AD59: 阶段稿已存证 | AE59: =VLOOKUP($E59,$Z$2:$AD$76,2,FALSE) -> #N/A | AF59: =VLOOKUP($E59,$Z$2:$AD$76,3,FALSE) -> #N/A | AG59: =VLOOKUP($E59,$Z$2:$AD$76,4,FALSE) -> #N/A | AH59: =VLOOKUP($E59,$Z$2:$AD$76,5,FALSE) -> #N/A | AK59: 01-佛法知识-基础常识
A60: 59 | B60: 01-宇宙知识-宇宙法则 | C60: =YEAR(D60) -> 2020 | D60: 44096 | E60: 造物意识 | F60: 三阶 | G60: 沛生 | H60: 5 | I60: 5 | K60: =IF(H60=I60,"完结",IF(H60>I60,"未完结")) -> 完结 | L60: 5 | O60: =IF(H60=L60,"完",IF(H60>L60,"未")) -> 完 | P60: 省版 | Q60: 2025/6/5 | R60: 0 | S60: 0 | Z60: 白骨志传 | AA60: 国版 | AB60: 2025/5/14 | AC60: 2025/5/15 | AD60: 已发证 | AE60: =VLOOKUP($E60,$Z$2:$AD$76,2,FALSE) -> 省版 | AF60: =VLOOKUP($E60,$Z$2:$AD$76,3,FALSE) -> 2025/6/5 | AG60: =VLOOKUP($E60,$Z$2:$AD$76,4,FALSE) -> 0 | AH60: =VLOOKUP($E60,$Z$2:$AD$76,5,FALSE) -> 0 | AK60: 02-佛法知识-佛法高阶
A61: 60 | B61: 06-佛法基础常识 | C61: =YEAR(D61) -> 2020 | D61: 44100 | E61: 业力 | F61: 一阶 | G61: 王靖 | H61: 4 | I61: 4 | K61: =IF(H61=I61,"完结",IF(H61>I61,"未完结")) -> 完结 | L61: 4 | O61: =IF(H61=L61,"完",IF(H61>L61,"未")) -> 完 | Z61: 九尾狐传奇 | AA61: 国版 | AB61: 2025/5/26 | AC61: 2025/5/26 | AD61: 已发证 | AE61: =VLOOKUP($E61,$Z$2:$AD$76,2,FALSE) -> #N/A | AF61: =VLOOKUP($E61,$Z$2:$AD$76,3,FALSE) -> #N/A | AG61: =VLOOKUP($E61,$Z$2:$AD$76,4,FALSE) -> #N/A | AH61: =VLOOKUP($E61,$Z$2:$AD$76,5,FALSE) -> #N/A | AK61: 01-佛法知识-基础常识
A62: 61 | B62: 08-灵性成长-灵性基础 | C62: =YEAR(D62) -> 2020 | D62: 44103 | E62: 爱的语言 | F62: - | G62: 惠敏 | H62: 10 | I62: 1 | K62: 暂停 | O62: =IF(H62=L62,"完",IF(H62>L62,"未")) -> 未 | Z62: 九天玄女 | AA62: 国版 | AB62: 2025/5/27 | AC62: 2025/5/27 | AD62: 已发证 | AE62: =VLOOKUP($E62,$Z$2:$AD$76,2,FALSE) -> #N/A | AF62: =VLOOKUP($E62,$Z$2:$AD$76,3,FALSE) -> #N/A | AG62: =VLOOKUP($E62,$Z$2:$AD$76,4,FALSE) -> #N/A | AH62: =VLOOKUP($E62,$Z$2:$AD$76,5,FALSE) -> #N/A | AK62: 99-暂停
A63: 62 | B63: 01-宇宙知识-宇宙法则 | C63: =YEAR(D63) -> 2020 | D63: 44104 | E63: 万有空间论 | F63: 三阶 | G63: 沛生 | H63: 4 | I63: 4 | K63: =IF(H63=I63,"完结",IF(H63>I63,"未完结")) -> 完结 | L63: 4 | O63: =IF(H63=L63,"完",IF(H63>L63,"未")) -> 完 | P63: 省版 | Q63: 2025/6/3 | R63: 2025/7/4 | S63: 已发证 | Z63: 桃花林详记 | AA63: 国版 | AB63: 2025/5/21 | AC63: 2025/5/22 | AD63: 已发证 | AE63: =VLOOKUP($E63,$Z$2:$AD$76,2,FALSE) -> 省版 | AF63: =VLOOKUP($E63,$Z$2:$AD$76,3,FALSE) -> 2025/6/3 | AG63: =VLOOKUP($E63,$Z$2:$AD$76,4,FALSE) -> 2025/7/4 | AH63: =VLOOKUP($E63,$Z$2:$AD$76,5,FALSE) -> 已发证 | AK63: 06-宇宙知识-宇宙实相
A64: 63 | B64: 01-宇宙知识-宇宙法则 | C64: =YEAR(D64) -> 2020 | D64: 44104 | E64: 源头与意识 | F64: 三阶 | G64: 惠敏 | H64: 10 | I64: 10 | K64: =IF(H64=I64,"完结",IF(H64>I64,"未完结")) -> 完结 | L64: 10 | O64: =IF(H64=L64,"完",IF(H64>L64,"未")) -> 完 | P64: 省版 | Q64: 2025/6/5 | R64: 0 | S64: 0 | Z64: 安拉列传 | AA64: 国版 | AB64: 2025/5/27 | AC64: 2025/5/28 | AD64: 已发证 | AE64: =VLOOKUP($E64,$Z$2:$AD$76,2,FALSE) -> 省版 | AF64: =VLOOKUP($E64,$Z$2:$AD$76,3,FALSE) -> 2025/6/5 | AG64: =VLOOKUP($E64,$Z$2:$AD$76,4,FALSE) -> 0 | AH64: =VLOOKUP($E64,$Z$2:$AD$76,5,FALSE) -> 0 | AK64: 06-宇宙知识-宇宙实相
A65: 64 | B65: 11-修行修心-修心基础 | C65: =YEAR(D65) -> 2020 | D65: 44106 | E65: 修行修心 | F65: 一阶 | G65: 周统志 | H65: 6 | I65: 6 | K65: =IF(H65=I65,"完结",IF(H65>I65,"未完结")) -> 完结 | L65: 0 | O65: =IF(H65=L65,"完",IF(H65>L65,"未")) -> 未 | Z65: 天梯 | AB65: 2025/5/27 | AD65: 省版登记被驳回 | AE65: =VLOOKUP($E65,$Z$2:$AD$76,2,FALSE) -> #N/A | AF65: =VLOOKUP($E65,$Z$2:$AD$76,3,FALSE) -> #N/A | AG65: =VLOOKUP($E65,$Z$2:$AD$76,4,FALSE) -> #N/A | AH65: =VLOOKUP($E65,$Z$2:$AD$76,5,FALSE) -> #N/A | AK65: 05-禅修指导
A66: 65 | B66: 06-佛法基础常识 | C66: =YEAR(D66) -> 2020 | D66: 44107 | E66: 佛学修行常识四篇 | F66: 一阶 | G66: 王靖 | H66: 6 | I66: 6 | K66: =IF(H66=I66,"完结",IF(H66>I66,"未完结")) -> 完结 | L66: 6 | O66: =IF(H66=L66,"完",IF(H66>L66,"未")) -> 完 | Z66: 精灵世界 | AA66: 国版 | AB66: 2025/5/27 | AC66: 2025/5/28 | AD66: 已发证 | AE66: =VLOOKUP($E66,$Z$2:$AD$76,2,FALSE) -> #N/A | AF66: =VLOOKUP($E66,$Z$2:$AD$76,3,FALSE) -> #N/A | AG66: =VLOOKUP($E66,$Z$2:$AD$76,4,FALSE) -> #N/A | AH66: =VLOOKUP($E66,$Z$2:$AD$76,5,FALSE) -> #N/A | AK66: 01-佛法知识-基础常识
A67: 66 | B67: 05-宇宙科学/现代科技 | C67: =YEAR(D67) -> 2020 | D67: 44110 | E67: 生命科学与空性智慧 | F67: 三阶 | G67: 沛生 | H67: 5 | I67: 5 | K67: =IF(H67=I67,"完结",IF(H67>I67,"未完结")) -> 完结 | L67: 5 | O67: =IF(H67=L67,"完",IF(H67>L67,"未")) -> 完 | P67: 省版 | Q67: 2025/6/5 | R67: 0 | S67: 0 | Z67: 阿卡曼星球 | AA67: 国版 | AB67: 2025/5/27 | AC67: 2025/5/28 | AD67: 已发证 | AE67: =VLOOKUP($E67,$Z$2:$AD$76,2,FALSE) -> 省版 | AF67: =VLOOKUP($E67,$Z$2:$AD$76,3,FALSE) -> 2025/6/5 | AG67: =VLOOKUP($E67,$Z$2:$AD$76,4,FALSE) -> 0 | AH67: =VLOOKUP($E67,$Z$2:$AD$76,5,FALSE) -> 0 | AK67: 06-宇宙知识-宇宙实相
A68: 67 | B68: 03-宇宙知识-外星文明 | C68: =YEAR(D68) -> 2020 | D68: 44110 | E68: 外星世界 | F68: 一阶 | G68: 刘小慧 | H68: 5 | I68: 5 | K68: =IF(H68=I68,"完结",IF(H68>I68,"未完结")) -> 完结 | L68: 5 | O68: =IF(H68=L68,"完",IF(H68>L68,"未")) -> 完 | P68: 国版 | Q68: 2025/5/30 | R68: 2025/5/30 | S68: 已发证 | Z68: 蓝色星球-爱之星 | AA68: 国版 | AB68: 2025/5/27 | AC68: 2025/5/28 | AD68: 已发证 | AE68: =VLOOKUP($E68,$Z$2:$AD$76,2,FALSE) -> 国版 | AF68: =VLOOKUP($E68,$Z$2:$AD$76,3,FALSE) -> 2025/5/30 | AG68: =VLOOKUP($E68,$Z$2:$AD$76,4,FALSE) -> 2025/5/30 | AH68: =VLOOKUP($E68,$Z$2:$AD$76,5,FALSE) -> 已发证 | AK68: 07-宇宙知识-宇宙文明
A69: 68 | B69: 02-宇宙知识-平行空间 | C69: =YEAR(D69) -> 2020 | D69: 44112 | E69: 地狱道系列 | F69: 一阶 | G69: 王靖 | H69: 7 | I69: 7 | K69: =IF(H69=I69,"完结",IF(H69>I69,"未完结")) -> 完结 | L69: 6 | O69: =IF(H69=L69,"完",IF(H69>L69,"未")) -> 未 | P69: 省版 | Q69: 2025/5/29 | R69: 2025/5/30 | S69: 已发证 | Z69: 让外星高科技划过苍穹 | AA69: 国版 | AB69: 2025/5/30 | AC69: 2025/5/30 | AD69: 已发证 | AE69: =VLOOKUP($E69,$Z$2:$AD$76,2,FALSE) -> 省版 | AF69: =VLOOKUP($E69,$Z$2:$AD$76,3,FALSE) -> 2025/5/29 | AG69: =VLOOKUP($E69,$Z$2:$AD$76,4,FALSE) -> 2025/5/30 | AH69: =VLOOKUP($E69,$Z$2:$AD$76,5,FALSE) -> 已发证 | AK69: 01-佛法知识-基础常识
A70: 69 | B70: 19-人物揭秘/传记 | C70: =YEAR(D70) -> 2020 | D70: 44113 | E70: 紫薇星垣 | F70: 二阶 | G70: 刘小慧 | H70: 2 | I70: 2 | K70: =IF(H70=I70,"完结",IF(H70>I70,"未完结")) -> 完结 | L70: 0 | O70: =IF(H70=L70,"完",IF(H70>L70,"未")) -> 未 | Z70: 外星医学简史 | AA70: 国版 | AB70: 2025/5/30 | AC70: 2025/5/30 | AD70: 已发证 | AE70: =VLOOKUP($E70,$Z$2:$AD$76,2,FALSE) -> #N/A | AF70: =VLOOKUP($E70,$Z$2:$AD$76,3,FALSE) -> #N/A | AG70: =VLOOKUP($E70,$Z$2:$AD$76,4,FALSE) -> #N/A | AH70: =VLOOKUP($E70,$Z$2:$AD$76,5,FALSE) -> #N/A | AK70: 15-人物揭秘
A71: 70 | B71: 19-人物揭秘/传记 | C71: =YEAR(D71) -> 2020 | D71: 44114 | E71: 紫薇圣人的身世之谜 | F71: 二阶 | G71: 刘小慧 | H71: 8 | I71: 8 | K71: =IF(H71=I71,"完结",IF(H71>I71,"未完结")) -> 完结 | L71: 0 | O71: =IF(H71=L71,"完",IF(H71>L71,"未")) -> 未 | Z71: 外星世界 | AA71: 国版 | AB71: 2025/5/30 | AC71: 2025/5/30 | AD71: 已发证 | AE71: =VLOOKUP($E71,$Z$2:$AD$76,2,FALSE) -> #N/A | AF71: =VLOOKUP($E71,$Z$2:$AD$76,3,FALSE) -> #N/A | AG71: =VLOOKUP($E71,$Z$2:$AD$76,4,FALSE) -> #N/A | AH71: =VLOOKUP($E71,$Z$2:$AD$76,5,FALSE) -> #N/A | AK71: 15-人物揭秘
A72: 71 | B72: 11-修行修心-修心基础 | C72: =YEAR(D72) -> 2020 | D72: 44115 | E72: 识别概论（唯识概论） | F72: - | G72: 周统志 | H72: 1 | I72: 1 | K72: 暂停 | O72: =IF(H72=L72,"完",IF(H72>L72,"未")) -> 未 | Z72: 外星高科技 | AB72: 2025/5/30 | AD72: 阶段稿已存证 | AE72: =VLOOKUP($E72,$Z$2:$AD$76,2,FALSE) -> #N/A | AF72: =VLOOKUP($E72,$Z$2:$AD$76,3,FALSE) -> #N/A | AG72: =VLOOKUP($E72,$Z$2:$AD$76,4,FALSE) -> #N/A | AH72: =VLOOKUP($E72,$Z$2:$AD$76,5,FALSE) -> #N/A | AK72: 99-暂停
A73: 72 | B73: 05-宇宙科学/现代科技 | C73: =YEAR(D73) -> 2020 | D73: 44118 | E73: 智慧中枢系统学 | F73: 三阶 | G73: 沛生 | H73: 4 | I73: 4 | K73: =IF(H73=I73,"完结",IF(H73>I73,"未完结")) -> 完结 | L73: 4 | O73: =IF(H73=L73,"完",IF(H73>L73,"未")) -> 完 | P73: 省版 | Q73: 2025/5/30 | R73: 2025/5/30 | S73: 已发证 | Z73: 龙族的文明 | AA73: 国版 | AB73: 2025/5/5 | AC73: 2025/5/5 | AD73: 已发证 | AE73: =VLOOKUP($E73,$Z$2:$AD$76,2,FALSE) -> 省版 | AF73: =VLOOKUP($E73,$Z$2:$AD$76,3,FALSE) -> 2025/5/30 | AG73: =VLOOKUP($E73,$Z$2:$AD$76,4,FALSE) -> 2025/5/30 | AH73: =VLOOKUP($E73,$Z$2:$AD$76,5,FALSE) -> 已发证 | AK73: 02-佛法知识-佛法高阶
A74: 73 | B74: 06-佛法基础常识 | C74: =YEAR(D74) -> 2020 | D74: 44119 | E74: 佛学常识系列 | F74: 一阶 | G74: 王靖 | H74: 22 | I74: 22 | K74: =IF(H74=I74,"完结",IF(H74>I74,"未完结")) -> 完结 | L74: 13 | O74: =IF(H74=L74,"完",IF(H74>L74,"未")) -> 未 | Z74: 麒麟世界美之境 | AA74: 国版 | AB74: 2025/5/6 | AC74: 2025/5/7 | AD74: 已发证 | AE74: =VLOOKUP($E74,$Z$2:$AD$76,2,FALSE) -> #N/A | AF74: =VLOOKUP($E74,$Z$2:$AD$76,3,FALSE) -> #N/A | AG74: =VLOOKUP($E74,$Z$2:$AD$76,4,FALSE) -> #N/A | AH74: =VLOOKUP($E74,$Z$2:$AD$76,5,FALSE) -> #N/A | AK74: 01-佛法知识-基础常识
A75: 74 | B75: 12-修行修心-实修指南 | C75: =YEAR(D75) -> 2020 | D75: 44122 | E75: 六度万行 | F75: - | G75: 周统志 | H75: 1 | I75: 1 | K75: 暂停 | O75: =IF(H75=L75,"完",IF(H75>L75,"未")) -> 未 | Z75: 麒麟祖母传 | AA75: 国版 | AB75: 2025/5/6 | AC75: 2025/5/7 | AD75: 已发证 | AE75: =VLOOKUP($E75,$Z$2:$AD$76,2,FALSE) -> #N/A | AF75: =VLOOKUP($E75,$Z$2:$AD$76,3,FALSE) -> #N/A | AG75: =VLOOKUP($E75,$Z$2:$AD$76,4,FALSE) -> #N/A | AH75: =VLOOKUP($E75,$Z$2:$AD$76,5,FALSE) -> #N/A | AK75: 99-暂停
A76: 75 | B76: 01-宇宙知识-宇宙法则 | C76: =YEAR(D76) -> 2020 | D76: 44124 | E76: 空性能量 | F76: 三阶 | G76: 沛生 | H76: 8 | I76: 8 | K76: =IF(H76=I76,"完结",IF(H76>I76,"未完结")) -> 完结 | L76: 7 | O76: =IF(H76=L76,"完",IF(H76>L76,"未")) -> 未 | P76: 省版 | Q76: 2025/6/5 | R76: 0 | S76: 0 | Z76: 四大灵兽空间构造原理 | AA76: 省版 | AB76: 2025/5/29 | AC76: 2025/5/30 | AD76: 已发证 | AE76: =VLOOKUP($E76,$Z$2:$AD$76,2,FALSE) -> 省版 | AF76: =VLOOKUP($E76,$Z$2:$AD$76,3,FALSE) -> 2025/6/5 | AG76: =VLOOKUP($E76,$Z$2:$AD$76,4,FALSE) -> 0 | AH76: =VLOOKUP($E76,$Z$2:$AD$76,5,FALSE) -> 0 | AK76: 02-佛法知识-佛法高阶
A77: 76 | B77: 04-地球文明/地球扬升 | C77: =YEAR(D77) -> 2020 | D77: 44125 | E77: 五次元文明 | F77: 二阶 | G77: 惠敏 | H77: 5 | I77: 5 | K77: =IF(H77=I77,"完结",IF(H77>I77,"未完结")) -> 完结 | L77: 5 | O77: =IF(H77=L77,"完",IF(H77>L77,"未")) -> 完 | P77: 省版 | Q77: 2025/5/29 | R77: 2025/5/30 | S77: 已发证 | AE77: =VLOOKUP($E77,$Z$2:$AD$76,2,FALSE) -> 省版 | AF77: =VLOOKUP($E77,$Z$2:$AD$76,3,FALSE) -> 2025/5/29 | AG77: =VLOOKUP($E77,$Z$2:$AD$76,4,FALSE) -> 2025/5/30 | AH77: =VLOOKUP($E77,$Z$2:$AD$76,5,FALSE) -> 已发证 | AK77: 07-宇宙知识-宇宙文明
A78: 77 | B78: 06-佛法基础常识 | C78: =YEAR(D78) -> 2020 | D78: 44128 | E78: 子女因果论 | F78: 一阶 | G78: 刘冬梅 | H78: 8 | I78: 8 | K78: =IF(H78=I78,"完结",IF(H78>I78,"未完结")) -> 完结 | L78: 8 | O78: =IF(H78=L78,"完",IF(H78>L78,"未")) -> 完 | AE78: =VLOOKUP($E78,$Z$2:$AD$76,2,FALSE) -> #N/A | AF78: =VLOOKUP($E78,$Z$2:$AD$76,3,FALSE) -> #N/A | AG78: =VLOOKUP($E78,$Z$2:$AD$76,4,FALSE) -> #N/A | AH78: =VLOOKUP($E78,$Z$2:$AD$76,5,FALSE) -> #N/A | AK78: 10-落地生活
A79: 78 | B79: 06-佛法基础常识 | C79: =YEAR(D79) -> 2020 | D79: 44132 | E79: 佛学密法常识系列 | F79: 二阶 | G79: 王靖 | H79: 6 | I79: 6 | K79: =IF(H79=I79,"完结",IF(H79>I79,"未完结")) -> 完结 | L79: 4 | O79: =IF(H79=L79,"完",IF(H79>L79,"未")) -> 未 | AE79: =VLOOKUP($E79,$Z$2:$AD$76,2,FALSE) -> #N/A | AF79: =VLOOKUP($E79,$Z$2:$AD$76,3,FALSE) -> #N/A | AG79: =VLOOKUP($E79,$Z$2:$AD$76,4,FALSE) -> #N/A | AH79: =VLOOKUP($E79,$Z$2:$AD$76,5,FALSE) -> #N/A | AK79: 01-佛法知识-基础常识
A80: 79 | B80: 19-人物揭秘/传记 | C80: =YEAR(D80) -> 2020 | D80: 44133 | E80: 九天玄女 | F80: 一阶 | G80: 周统志 | H80: 5 | I80: 5 | K80: =IF(H80=I80,"完结",IF(H80>I80,"未完结")) -> 完结 | L80: 1 | O80: =IF(H80=L80,"完",IF(H80>L80,"未")) -> 未 | P80: 国版 | Q80: 2025/5/27 | R80: 2025/5/27 | S80: 已发证 | AE80: =VLOOKUP($E80,$Z$2:$AD$76,2,FALSE) -> 国版 | AF80: =VLOOKUP($E80,$Z$2:$AD$76,3,FALSE) -> 2025/5/27 | AG80: =VLOOKUP($E80,$Z$2:$AD$76,4,FALSE) -> 2025/5/27 | AH80: =VLOOKUP($E80,$Z$2:$AD$76,5,FALSE) -> 已发证 | AK80: 15-人物揭秘
A81: 80 | B81: 02-宇宙知识-平行空间 | C81: =YEAR(D81) -> 2020 | D81: 44137 | E81: 花仙子之家 | F81: 一阶 | G81: 沛生 | H81: 5 | I81: 5 | K81: =IF(H81=I81,"完结",IF(H81>I81,"未完结")) -> 完结 | L81: 5 | O81: =IF(H81=L81,"完",IF(H81>L81,"未")) -> 完 | P81: 国版 | Q81: 2025/5/27 | R81: 2025/5/28 | S81: 已发证 | AE81: =VLOOKUP($E81,$Z$2:$AD$76,2,FALSE) -> 国版 | AF81: =VLOOKUP($E81,$Z$2:$AD$76,3,FALSE) -> 2025/5/27 | AG81: =VLOOKUP($E81,$Z$2:$AD$76,4,FALSE) -> 2025/5/28 | AH81: =VLOOKUP($E81,$Z$2:$AD$76,5,FALSE) -> 已发证 | AK81: 07-宇宙知识-宇宙文明
A82: 81 | B82: 08-灵性成长-灵性基础 | C82: =YEAR(D82) -> 2020 | D82: 44138 | E82: 链接灵魂 | F82: 二阶 | G82: 惠敏 | H82: 6 | I82: 6 | K82: =IF(H82=I82,"完结",IF(H82>I82,"未完结")) -> 完结 | L82: 6 | O82: =IF(H82=L82,"完",IF(H82>L82,"未")) -> 完 | P82: 省版 | Q82: 2025/6/5 | R82: 0 | S82: 0 | AE82: =VLOOKUP($E82,$Z$2:$AD$76,2,FALSE) -> 省版 | AF82: =VLOOKUP($E82,$Z$2:$AD$76,3,FALSE) -> 2025/6/5 | AG82: =VLOOKUP($E82,$Z$2:$AD$76,4,FALSE) -> 0 | AH82: =VLOOKUP($E82,$Z$2:$AD$76,5,FALSE) -> 0 | AK82: 08-灵性成长
A83: 82 | B83: 19-人物揭秘/传记 | C83: =YEAR(D83) -> 2020 | D83: 44142 | E83: 弥赛亚 | F83: 三阶 | G83: 刘冬梅 | H83: 36 | K83: =IF(H83=I83,"完结",IF(H83>I83,"下载中")) -> 下载中 | L83: 0 | O83: =IF(H83=L83,"完",IF(H83>L83,"未")) -> 未 | AE83: =VLOOKUP($E83,$Z$2:$AD$76,2,FALSE) -> #N/A | AF83: =VLOOKUP($E83,$Z$2:$AD$76,3,FALSE) -> #N/A | AG83: =VLOOKUP($E83,$Z$2:$AD$76,4,FALSE) -> #N/A | AH83: =VLOOKUP($E83,$Z$2:$AD$76,5,FALSE) -> #N/A | AK83: 15-人物揭秘
A84: 83 | B84: 22-高维讯息-基督世界 | C84: =YEAR(D84) -> 2020 | D84: 44144 | E84: 天使之翼 | F84: 西方 | G84: 沛生 | H84: 7 | I84: 7 | K84: =IF(H84=I84,"完结",IF(H84>I84,"未完结")) -> 完结 | L84: 0 | O84: =IF(H84=L84,"完",IF(H84>L84,"未")) -> 未 | AE84: =VLOOKUP($E84,$Z$2:$AD$76,2,FALSE) -> #N/A | AF84: =VLOOKUP($E84,$Z$2:$AD$76,3,FALSE) -> #N/A | AG84: =VLOOKUP($E84,$Z$2:$AD$76,4,FALSE) -> #N/A | AH84: =VLOOKUP($E84,$Z$2:$AD$76,5,FALSE) -> #N/A | AK84: 07-宇宙知识-宇宙文明
A85: 84 | B85: 04-地球文明/地球扬升 | C85: =YEAR(D85) -> 2020 | D85: 44151 | E85: 扬升如约而至 | F85: - | G85: 惠敏 | H85: 1 | I85: 1 | K85: 无文稿 | L85: 0 | O85: =IF(H85=L85,"完",IF(H85>L85,"未")) -> 未 | AE85: =VLOOKUP($E85,$Z$2:$AD$76,2,FALSE) -> #N/A | AF85: =VLOOKUP($E85,$Z$2:$AD$76,3,FALSE) -> #N/A | AG85: =VLOOKUP($E85,$Z$2:$AD$76,4,FALSE) -> #N/A | AH85: =VLOOKUP($E85,$Z$2:$AD$76,5,FALSE) -> #N/A | AK85: 04-地球扬升
A86: 85 | B86: 22-高维讯息-基督世界 | C86: =YEAR(D86) -> 2020 | D86: 44152 | E86: 基督意识 | F86: 西方 | G86: 沛生 | H86: 12 | I86: 7 | K86: =IF(H86=I86,"完结",IF(H86>I86,"下载中")) -> 下载中 | L86: 0 | O86: =IF(H86=L86,"完",IF(H86>L86,"未")) -> 未 | AE86: =VLOOKUP($E86,$Z$2:$AD$76,2,FALSE) -> #N/A | AF86: =VLOOKUP($E86,$Z$2:$AD$76,3,FALSE) -> #N/A | AG86: =VLOOKUP($E86,$Z$2:$AD$76,4,FALSE) -> #N/A | AH86: =VLOOKUP($E86,$Z$2:$AD$76,5,FALSE) -> #N/A | AK86: 08-灵性成长
A87: 86 | B87: 19-人物揭秘/传记 | C87: =YEAR(D87) -> 2020 | D87: 44152 | E87: 无极老母传记 | F87: 一阶 | G87: 王靖 | H87: 6 | I87: 5 | K87: =IF(H87=I87,"完结",IF(H87>I87,"下载中")) -> 下载中 | L87: 0 | O87: =IF(H87=L87,"完",IF(H87>L87,"未")) -> 未 | AE87: =VLOOKUP($E87,$Z$2:$AD$76,2,FALSE) -> #N/A | AF87: =VLOOKUP($E87,$Z$2:$AD$76,3,FALSE) -> #N/A | AG87: =VLOOKUP($E87,$Z$2:$AD$76,4,FALSE) -> #N/A | AH87: =VLOOKUP($E87,$Z$2:$AD$76,5,FALSE) -> #N/A | AK87: 15-人物揭秘
A88: 87 | B88: 05-宇宙科学/现代科技 | C88: =YEAR(D88) -> 2020 | D88: 44155 | E88: 极致大脑 | F88: 一阶 | G88: 惠敏 | H88: 5 | I88: 5 | K88: =IF(H88=I88,"完结",IF(H88>I88,"未完结")) -> 完结 | L88: 2 | O88: =IF(H88=L88,"完",IF(H88>L88,"未")) -> 未 | P88: 省版 | Q88: 2025/6/5 | R88: 0 | S88: 0 | AE88: =VLOOKUP($E88,$Z$2:$AD$76,2,FALSE) -> 省版 | AF88: =VLOOKUP($E88,$Z$2:$AD$76,3,FALSE) -> 2025/6/5 | AG88: =VLOOKUP($E88,$Z$2:$AD$76,4,FALSE) -> 0 | AH88: =VLOOKUP($E88,$Z$2:$AD$76,5,FALSE) -> 0 | AK88: 05-禅修指导
A89: 88 | B89: 08-灵性成长-灵性基础 | C89: =YEAR(D89) -> 2020 | D89: 44157 | E89: 去伪存真 | F89: - | G89: 刘冬梅 | H89: 2 | I89: 2 | K89: 暂停 | L89: 0 | O89: =IF(H89=L89,"完",IF(H89>L89,"未")) -> 未 | AE89: =VLOOKUP($E89,$Z$2:$AD$76,2,FALSE) -> #N/A | AF89: =VLOOKUP($E89,$Z$2:$AD$76,3,FALSE) -> #N/A | AG89: =VLOOKUP($E89,$Z$2:$AD$76,4,FALSE) -> #N/A | AH89: =VLOOKUP($E89,$Z$2:$AD$76,5,FALSE) -> #N/A | AK89: 99-暂停
A90: 89 | B90: 08-灵性成长-灵性基础 | C90: =YEAR(D90) -> 2020 | D90: 44160 | E90: 万教合一 | F90: - | G90: 刘冬梅 | H90: 1 | I90: 1 | K90: 暂停 | L90: 0 | O90: =IF(H90=L90,"完",IF(H90>L90,"未")) -> 未 | AE90: =VLOOKUP($E90,$Z$2:$AD$76,2,FALSE) -> #N/A | AF90: =VLOOKUP($E90,$Z$2:$AD$76,3,FALSE) -> #N/A | AG90: =VLOOKUP($E90,$Z$2:$AD$76,4,FALSE) -> #N/A | AH90: =VLOOKUP($E90,$Z$2:$AD$76,5,FALSE) -> #N/A | AK90: 99-暂停
A91: 90 | B91: 15-落地智慧-人际关系 | C91: =YEAR(D91) -> 2020 | D91: 44165 | E91: 一眼之间 | F91: 公共 | G91: 沛生 | H91: 7 | I91: 7 | K91: =IF(H91=I91,"完结",IF(H91>I91,"未完结")) -> 完结 | L91: 4 | O91: =IF(H91=L91,"完",IF(H91>L91,"未")) -> 未 | AE91: =VLOOKUP($E91,$Z$2:$AD$76,2,FALSE) -> #N/A | AF91: =VLOOKUP($E91,$Z$2:$AD$76,3,FALSE) -> #N/A | AG91: =VLOOKUP($E91,$Z$2:$AD$76,4,FALSE) -> #N/A | AH91: =VLOOKUP($E91,$Z$2:$AD$76,5,FALSE) -> #N/A | AK91: 08-灵性成长
A92: 91 | B92: 15-落地智慧-人际关系 | C92: =YEAR(D92) -> 2020 | D92: 44166 | E92: 有缘无缘之夫妻缘 | F92: 公共 | G92: 沛生 | H92: 3 | I92: 3 | K92: =IF(H92=I92,"完结",IF(H92>I92,"未完结")) -> 完结 | L92: 3 | O92: =IF(H92=L92,"完",IF(H92>L92,"未")) -> 完 | AE92: =VLOOKUP($E92,$Z$2:$AD$76,2,FALSE) -> #N/A | AF92: =VLOOKUP($E92,$Z$2:$AD$76,3,FALSE) -> #N/A | AG92: =VLOOKUP($E92,$Z$2:$AD$76,4,FALSE) -> #N/A | AH92: =VLOOKUP($E92,$Z$2:$AD$76,5,FALSE) -> #N/A | AK92: 10-落地生活
A93: 92 | B93: 02-宇宙知识-平行空间 | C93: =YEAR(D93) -> 2020 | D93: 44169 | E93: 未来花园 | F93: 一阶 | G93: 惠敏 | H93: 10 | I93: 10 | K93: =IF(H93=I93,"完结",IF(H93>I93,"未完结")) -> 完结 | L93: 10 | O93: =IF(H93=L93,"完",IF(H93>L93,"未")) -> 完 | AE93: =VLOOKUP($E93,$Z$2:$AD$76,2,FALSE) -> #N/A | AF93: =VLOOKUP($E93,$Z$2:$AD$76,3,FALSE) -> #N/A | AG93: =VLOOKUP($E93,$Z$2:$AD$76,4,FALSE) -> #N/A | AH93: =VLOOKUP($E93,$Z$2:$AD$76,5,FALSE) -> #N/A | AK93: 07-宇宙知识-宇宙文明
A94: 93 | B94: 15-落地智慧-人际关系 | C94: =YEAR(D94) -> 2020 | D94: 44170 | E94: 他/她不属于你 | F94: 一阶 | G94: 沛生 | H94: 3 | I94: 3 | K94: =IF(H94=I94,"完结",IF(H94>I94,"未完结")) -> 完结 | L94: 3 | O94: =IF(H94=L94,"完",IF(H94>L94,"未")) -> 完 | AE94: =VLOOKUP($E94,$Z$2:$AD$76,2,FALSE) -> #N/A | AF94: =VLOOKUP($E94,$Z$2:$AD$76,3,FALSE) -> #N/A | AG94: =VLOOKUP($E94,$Z$2:$AD$76,4,FALSE) -> #N/A | AH94: =VLOOKUP($E94,$Z$2:$AD$76,5,FALSE) -> #N/A | AK94: 10-落地生活
A95: 94 | B95: 19-人物揭秘/传记 | C95: =YEAR(D95) -> 2020 | D95: 44172 | E95: 紫薇圣人的成长历程 | F95: 三阶 | G95: 刘小慧 | H95: 6 | I95: 6 | K95: =IF(H95=I95,"完结",IF(H95>I95,"未完结")) -> 完结 | L95: 0 | O95: =IF(H95=L95,"完",IF(H95>L95,"未")) -> 未 | AE95: =VLOOKUP($E95,$Z$2:$AD$76,2,FALSE) -> #N/A | AF95: =VLOOKUP($E95,$Z$2:$AD$76,3,FALSE) -> #N/A | AG95: =VLOOKUP($E95,$Z$2:$AD$76,4,FALSE) -> #N/A | AH95: =VLOOKUP($E95,$Z$2:$AD$76,5,FALSE) -> #N/A | AK95: 15-人物揭秘
A96: 95 | B96: 15-落地智慧-人际关系 | C96: =YEAR(D96) -> 2020 | D96: 44175 | E96: 爱情考分 | F96: 一阶 | G96: 沛生 | H96: 3 | I96: 3 | K96: =IF(H96=I96,"完结",IF(H96>I96,"未完结")) -> 完结 | L96: 3 | O96: =IF(H96=L96,"完",IF(H96>L96,"未")) -> 完 | AE96: =VLOOKUP($E96,$Z$2:$AD$76,2,FALSE) -> #N/A | AF96: =VLOOKUP($E96,$Z$2:$AD$76,3,FALSE) -> #N/A | AG96: =VLOOKUP($E96,$Z$2:$AD$76,4,FALSE) -> #N/A | AH96: =VLOOKUP($E96,$Z$2:$AD$76,5,FALSE) -> #N/A | AK96: 10-落地生活
A97: 96 | B97: 15-落地智慧-人际关系 | C97: =YEAR(D97) -> 2020 | D97: 44179 | E97: 浪漫甜心屋 | F97: 公共 | G97: 沛生 | H97: 1 | I97: 1 | K97: =IF(H97=I97,"完结",IF(H97>I97,"未完结")) -> 完结 | L97: 1 | O97: =IF(H97=L97,"完",IF(H97>L97,"未")) -> 完 | AE97: =VLOOKUP($E97,$Z$2:$AD$76,2,FALSE) -> #N/A | AF97: =VLOOKUP($E97,$Z$2:$AD$76,3,FALSE) -> #N/A | AG97: =VLOOKUP($E97,$Z$2:$AD$76,4,FALSE) -> #N/A | AH97: =VLOOKUP($E97,$Z$2:$AD$76,5,FALSE) -> #N/A | AK97: 10-落地生活
A98: 97 | B98: 11-修行修心-修心基础 | C98: =YEAR(D98) -> 2020 | D98: 44180 | E98: 因果之手 | F98: - | G98: 李静 | H98: 20 | I98: 2 | K98: 暂停 | O98: =IF(H98=L98,"完",IF(H98>L98,"未")) -> 未 | AE98: =VLOOKUP($E98,$Z$2:$AD$76,2,FALSE) -> #N/A | AF98: =VLOOKUP($E98,$Z$2:$AD$76,3,FALSE) -> #N/A | AG98: =VLOOKUP($E98,$Z$2:$AD$76,4,FALSE) -> #N/A | AH98: =VLOOKUP($E98,$Z$2:$AD$76,5,FALSE) -> #N/A | AK98: 99-暂停
A99: 98 | B99: 11-修行修心-修心基础 | C99: =YEAR(D99) -> 2020 | D99: 44183 | E99: 因果十例 | F99: - | G99: 李静 | H99: 10 | I99: 2 | K99: 暂停 | L99: 0 | O99: =IF(H99=L99,"完",IF(H99>L99,"未")) -> 未 | AE99: =VLOOKUP($E99,$Z$2:$AD$76,2,FALSE) -> #N/A | AF99: =VLOOKUP($E99,$Z$2:$AD$76,3,FALSE) -> #N/A | AG99: =VLOOKUP($E99,$Z$2:$AD$76,4,FALSE) -> #N/A | AH99: =VLOOKUP($E99,$Z$2:$AD$76,5,FALSE) -> #N/A | AK99: 99-暂停
A100: 99 | B100: 11-修行修心-修心基础 | C100: =YEAR(D100) -> 2020 | D100: 44185 | E100: 因果那些事儿 | F100: 一阶 | G100: 李静 | H100: 23 | I100: 9 | K100: =IF(H100=I100,"完结",IF(H100>I100,"下载中")) -> 下载中 | L100: 9 | O100: =IF(H100=L100,"完",IF(H100>L100,"未")) -> 未 | AE100: =VLOOKUP($E100,$Z$2:$AD$76,2,FALSE) -> #N/A | AF100: =VLOOKUP($E100,$Z$2:$AD$76,3,FALSE) -> #N/A | AG100: =VLOOKUP($E100,$Z$2:$AD$76,4,FALSE) -> #N/A | AH100: =VLOOKUP($E100,$Z$2:$AD$76,5,FALSE) -> #N/A | AK100: 08-灵性成长
...

Sheet Sheet1
A1: 书名 | C1: 灵性成长类、佛法类、宇宙真相、地球真相揭秘类、经典类、科技类、宇宙科学类
A2: 一个灵魂飞到宇宙中的女人
A3: 经典新解
A4: 宇宙之声 | B4: 宇宙真相
A5: 宝生佛的自然课堂
A6: 外星高科技 | B6: 宇宙科学类
A7: 心法 | B7: 灵性成长类
A8: 地球提升之路
A9: 梅集
A10: 人体与灵魂的未解之谜 | B10: 灵性成长类
A11: 来自地心的问候
A12: 我眼中的宇宙之王
A13: 明日之歌
A14: 礼记
A15: 公约社区
A16: 无限
A17: 疫情报告
A18: 灵性文章合集（中英文）
A19: 森林之子
A20: 生命之花
A21: 四书五经
A22: 血河之艳
... A26: 紫薇圣人与弥赛亚
A27: 地球文明史 | B27: 地球真相揭秘类
A28: 火星智慧 | B28: 宇宙科学类
A29: 龙族的文明 | B29: 宇宙真相
A30: 龙族的画报
A31: 禅修的秘密
A32: 龙的秘密
A33: 金星世界 | B33: 宇宙真相
A34: 龙族如何管理三次元地球
A35: 解密灵魂出窍
A36: 天目 | B36: 灵性成长类
A37: 中脉开启方法
A38: 倾听花开的声音 | B38: 灵性成长类
A39: 灵魂觉醒 | B39: 灵性成长类
A40: 三次元地球的提升 | B40: 地球真相揭秘类
A41: 凤凰族的文明
A42: 四次元地球 | B42: 地球真相揭秘类
A43: 第三世界
A44: 凤凰的秘密
A45: 瑜伽经
A46: 双身法
A47: 时间之窗
A48: 玄洞
A49: 因果 | B49: 佛法类
A50: 宇宙能量与灵魂的关系
A51: 命运
A52: 时空穿梭
A53: 禅境密意
A54: 金钱与财富
A55: 轮回
A56: 让外星高科技划过苍穹 | B56: 宇宙科学类
A57: 能量法则
A58: 四次元之家
A59: 缘分
A60: 造物意识
A61: 业力
A62: 爱的语言
A63: 万有空间论
A64: 源头与意识
A65: 修行修心
A66: 佛学修行常识四篇 | B66: 佛法类
A67: 生命科学与空性智慧
A68: 外星世界
A69: 地狱道系列
A70: 紫薇星垣
A71: 紫薇圣人的身世之谜
A72: 识别概论（唯识概论）
A73: 智慧中枢系统学
A74: 佛学常识系列 | B74: 佛法类
A75: 六度万行
A76: 空性能量
A77: 五次元文明
A78: 子女因果论
A79: 佛学密法常识系列
A80: 九天玄女
A81: 花仙子之家
A82: 链接灵魂
A83: 弥赛亚
A84: 天使之翼
A85: 扬升如约而至
A86: 基督意识
... A106: 修行人的事业有成
A107: 药师佛在东方 | B107: 佛法类
A108: 药师传 | B108: 佛法类
A109: 道德经眇解 | B109: 经典类
A110: 工作中的修行之美
A111: 事业心就是修行心
A112: 寻周易之源
A113: 修心的现代释义
A114: 事业系列篇
A115: 高维影评系列
A116: 现代女性修心智慧
A117: 兄弟姐妹之手足情
A118: 寂静的湖面
A119: 爱情婚姻家庭
A120: 月亮女神
A121: 时间管理
... A129: 微呼吸
...

Sheet 目录
A1: 宇宙藏书阁 · 统计总览
A3: 编号 | B3: 下载管道 | C3: 书目 | D3: 工作状态 | F3: 书籍分类 | G3: 书目 | I3: 年份 | J3: 书目
A4: 合计 | B4: 合计 | C4: =SUM(C5:C34) -> 368 | F4: 合计 | G4: =SUM(G5:G34) -> 368 | I4: 合计 | J4: =SUM(J5:J34) -> 368
A5: 1 | B5: 沛生 | C5: =COUNTIF(中文书目!G$2:G$1000,目录!B5) -> 60 | D5: 暂停 | F5: 01-宇宙知识-宇宙法则 | G5: =COUNTIF(中文书目!B$2:B$1000,目录!F5) -> 27 | I5: 2019 | J5: =COUNTIF(中文书目!C$2:C$1000,目录!I5) -> 9
A6: 2 | B6: 孟昭宇 | C6: =COUNTIF(中文书目!G$2:G$1000,目录!B6) -> 47 | D6: 工作中 | F6: 02-宇宙知识-平行空间 | G6: =COUNTIF(中文书目!B$2:B$1000,目录!F6) -> 30 | I6: 2020 | J6: =COUNTIF(中文书目!C$2:C$1000,目录!I6) -> 95
A7: 3 | B7: 王靖 | C7: =COUNTIF(中文书目!G$2:G$1000,目录!B7) -> 42 | D7: 暂停 | F7: 03-宇宙知识-外星文明 | G7: =COUNTIF(中文书目!B$2:B$1000,目录!F7) -> 7 | I7: 2021 | J7: =COUNTIF(中文书目!C$2:C$1000,目录!I7) -> 57
A8: 4 | B8: 惠敏 | C8: =COUNTIF(中文书目!G$2:G$1000,目录!B8) -> 27 | D8: 暂停 | F8: 04-地球文明/地球扬升 | G8: =COUNTIF(中文书目!B$2:B$1000,目录!F8) -> 17 | I8: 2022 | J8: =COUNTIF(中文书目!C$2:C$1000,目录!I8) -> 41
A9: 5 | B9: 蒋迎迎 | C9: =COUNTIF(中文书目!G$2:G$1000,目录!B9) -> 25 | D9: 暂停 | F9: 05-宇宙科学/现代科技 | G9: =COUNTIF(中文书目!B$2:B$1000,目录!F9) -> 19 | I9: 2023 | J9: =COUNTIF(中文书目!C$2:C$1000,目录!I9) -> 63
A10: 6 | B10: 蒋迎迎 | C10: =COUNTIF(中文书目!G$2:G$1000,目录!B10) -> 25 | D10: 暂停 | F10: 06-佛法基础常识 | G10: =COUNTIF(中文书目!B$2:B$1000,目录!F10) -> 10 | I10: 2024 | J10: =COUNTIF(中文书目!C$2:C$1000,目录!I10) -> 29
A11: 7 | B11: 李静 | C11: =COUNTIF(中文书目!G$2:G$1000,目录!B11) -> 17 | D11: 退转 | F11: 07-经典经文 | G11: =COUNTIF(中文书目!B$2:B$1000,目录!F11) -> 18 | I11: 2025 | J11: =COUNTIF(中文书目!C$2:C$1000,目录!I11) -> 74
A12: 8 | B12: 张轶群 | C12: =COUNTIF(中文书目!G$2:G$1000,目录!B12) -> 10 | D12: 暂停 | F12: 08-灵性成长-灵性基础 | G12: =COUNTIF(中文书目!B$2:B$1000,目录!F12) -> 55
A13: 9 | B13: 刘冬梅 | C13: =COUNTIF(中文书目!G$2:G$1000,目录!B13) -> 8 | D13: 暂停 | F13: 10-灵性成长-身心疗愈 | G13: =COUNTIF(中文书目!B$2:B$1000,目录!F13) -> 31
A14: 10 | B14: 陈琪琪 | C14: =COUNTIF(中文书目!G$2:G$1000,目录!B14) -> 7 | D14: 暂停 | F14: 11-修行修心-修心基础 | G14: =COUNTIF(中文书目!B$2:B$1000,目录!F14) -> 22
A15: 11 | B15: 林巧玲 | C15: =COUNTIF(中文书目!G$2:G$1000,目录!B15) -> 57 | D15: 工作中 | F15: 12-修行修心-实修指南 | G15: =COUNTIF(中文书目!B$2:B$1000,目录!F15) -> 25
A16: 12 | B16: 周统志 | C16: =COUNTIF(中文书目!G$2:G$1000,目录!B16) -> 5 | D16: 退转 | F16: 13-落地智慧-日常生活 | G16: =COUNTIF(中文书目!B$2:B$1000,目录!F16) -> 11
A17: 13 | B17: 昱嘉 | C17: =COUNTIF(中文书目!G$2:G$1000,目录!B17) -> 5 | D17: 暂停 | F17: 14-落地智慧-事业财富 | G17: =COUNTIF(中文书目!B$2:B$1000,目录!F17) -> 11
A18: 14 | B18: 温愉琦 | C18: =COUNTIF(中文书目!G$2:G$1000,目录!B18) -> 4 | D18: 暂停 | F18: 15-落地智慧-人际关系 | G18: =COUNTIF(中文书目!B$2:B$1000,目录!F18) -> 18
A19: 15 | B19: 共同参与 | C19: =COUNTIF(中文书目!G$2:G$1000,目录!B19) -> 5 | D19: - | F19: 16-新文明新商业 | G19: =COUNTIF(中文书目!B$2:B$1000,目录!F19) -> 8
A20: 16 | B20: 徐丹 | C20: =COUNTIF(中文书目!G$2:G$1000,目录!B20) -> 2 | D20: 暂停 | F20: 17-高维文学-散文诗 | G20: =COUNTIF(中文书目!B$2:B$1000,目录!F20) -> 2
A21: 17 | B21: 含灵 | C21: =COUNTIF(中文书目!G$2:G$1000,目录!B21) -> 2 | D21: 工作中 | F21: 18-高维文学-小说 | G21: =COUNTIF(中文书目!B$2:B$1000,目录!F21) -> 13
A22: 18 | B22: 星姐 | C22: =COUNTIF(中文书目!G$2:G$1000,目录!B22) -> 2 | D22: 暂停 | F22: 19-人物揭秘/传记 | G22: =COUNTIF(中文书目!B$2:B$1000,目录!F22) -> 15
A23: 19 | B23: 万玲玲 | C23: =COUNTIF(中文书目!G$2:G$1000,目录!B23) -> 2 | D23: 暂停 | F23: 20-高维解读-时事点评 | G23: =COUNTIF(中文书目!B$2:B$1000,目录!F23) -> 1
... A27: 23 | B27: 海榆 | C27: =COUNTIF(中文书目!G$2:G$1000,目录!B27) -> 1 | D27: 暂停 | F27: 24-百家讲坛 | G27: =COUNTIF(中文书目!B$2:B$1000,目录!F27) -> 11
A28: 24 | B28: 吴英 | C28: =COUNTIF(中文书目!G$2:G$1000,目录!B28) -> 1 | D28: 暂停 | F28: 99-暂停 | G28: {=COUNTIF(中文书目!K$2:K$1000,暂停)} -> 0
A29: 25 | B29: 杜旻旻 | C29: =COUNTIF(中文书目!G$2:G$1000,目录!B29) -> 1 | D29: 暂停
A30: 26 | B30: 陈琪琪/刘小慧 | C30: =COUNTIF(中文书目!G$2:G$1000,目录!B30) -> 0 | D30: 暂停
A31: 27 | B31: 李静/刘小慧 | C31: =COUNTIF(中文书目!G$2:G$1000,目录!B31) -> 1 | D31: 暂停
A32: 28 | B32: 卢卢 | C32: =COUNTIF(中文书目!G$2:G$1000,目录!B32) -> 1 | D32: 暂停
A33: 29 | B33: 冯昆 | C33: =COUNTIF(中文书目!G$2:G$1000,目录!B33) -> 1 | D33: 暂停
A34: 30 | B34: 夏柚佳 | C34: =COUNTIF(中文书目!G$2:G$1000,目录!B34) -> 4 | D34: 工作中

Sheet 翻译对照表
A1: 序号 | B1: 中文书名 | C1: 总章节数 | D1: 下载数 | E1: 英文书名 | F1: 总章节数 | G1: 下载数
A2: 1 | B2: 一个灵魂飞到宇宙中的女人 | C2: 2 | D2: 2
A3: 2 | B3: 经典新解 | C3: 5 | D3: 5
A4: 3 | B4: 宇宙之声 | C4: 19 | D4: 19
A5: 4 | B5: 宝生佛的自然课堂 | C5: 27 | D5: 27
A6: 5 | B6: 外星高科技 | C6: 5 | D6: 5
A7: 6 | B7: 心法 | C7: 19 | D7: 19
A8: 7 | B8: 地球提升之路 | C8: 8 | D8: 8
A9: 8 | B9: 梅集 | C9: 145 | D9: 145
A10: 9 | B10: 人体与灵魂的未解之谜 | C10: 16 | D10: 16
A11: 10 | B11: 来自地心的问候 | C11: 19 | D11: 19
A12: 11 | B12: 我眼中的宇宙之王 | C12: 16 | D12: 16
A13: 12 | B13: 明日之歌 | C13: 19 | D13: 19
A14: 13 | B14: 礼记 | C14: 8 | D14: 8
A15: 14 | B15: 公约社区 | C15: ？ | D15: 19
A16: 15 | B16: 无限 | C16: 4 | D16: 4
A17: 16 | B17: 疫情报告 | C17: 1 | D17: 1
A18: 17 | B18: 灵性文章合集（中英文） | C18: 27 | D18: 27
A19: 18 | B19: 森林之子 | C19: 10 | D19: 10
A20: 19 | B20: 生命之花 | C20: 10 | D20: 10
A21: 20 | B21: 四书五经 | C21: =12+8+5+2+8 -> 35 | D21: =12+8+5+2 -> 27
A22: 21 | B22: 血河之艳 | C22: 24 | D22: 24
A23: 22 | B23: 灵魂之光 | C23: 20 | D23: 20
A24: 23 | B24: 命运之门 | C24: 10 | D24: 10
A25: 24 | B25: 三生三世 | C25: 9 | D25: 9
A26: 25 | B26: 紫薇圣人与弥赛亚 | C26: 4 | D26: 4
A27: 26 | B27: 地球文明史 | C27: 14 | D27: 13
A28: 27 | B28: 火星智慧 | C28: 10 | D28: 10
A29: 28 | B29: 龙族的文明 | C29: 11 | D29: 11
A30: 29 | B30: 龙族的画报 | C30: 2 | D30: 2
A31: 30 | B31: 禅修的秘密 | C31: 16 | D31: 16
A32: 31 | B32: 龙的秘密 | C32: 12 | D32: 12
A33: 32 | B33: 金星世界 | C33: 5 | D33: 5
... A82: 81 | B82: 链接灵魂 | C82: 6 | D82: 6
A83: 82 | B83: 弥赛亚 | C83: 36
A84: 83 | B84: 天使之翼 | C84: 7 | D84: 7
A85: 84 | B85: 扬升如约而至 | C85: 1 | D85: 1
A86: 85 | B86: 基督意识 | C86: 12 | D86: 7
A87: 86 | B87: 无极老母传记 | C87: 6 | D87: 5
A88: 87 | B88: 极致大脑 | C88: 5 | D88: 5
A89: 88 | B89: 去伪存真 | C89: 2 | D89: 2
A90: 89 | B90: 万教合一 | C90: 1 | D90: 1
A91: 90 | B91: 一眼之间 | C91: 7 | D91: 7
A92: 91 | B92: 有缘无缘之夫妻缘 | C92: 3 | D92: 3
A93: 92 | B93: 未来花园 | C93: 10 | D93: 10
A94: 93 | B94: 他/她不属于你 | C94: 3 | D94: 3
A95: 94 | B95: 紫薇圣人的成长历程 | C95: 6 | D95: 6
... A127: 126 | B127: 智慧生死观 | C127: 1 | D127: 1
A128: 127 | B128: 未解之谜系列 | C128: 9
A129: 128 | B129: 微呼吸 | C129: 4 | D129: 4
A130: 129 | B130: 宇宙知识系列 | C130: 12 | D130: 12
A131: 130 | B131: 新文明建设的全貌
A132: 131 | B132: 民族服饰与生活 | C132: 1 | D132: 1
A133: 132 | B133: 巧夺天工的东方服饰 | C133: 3 | D133: 3
A134: 133 | B134: 修心精要 | C134: 8 | D134: 8
A135: 134 | B135: 致最美的婚姻 | C135: 7 | D135: 7
A136: 135 | B136: 婚姻关系篇 | C136: 1 | D136: 1
A137: 136 | B137: 金钱能量 | C137: 5 | D137: 5
A138: 137 | B138: 一个会飞的红毛球引发的思考 | C138: 1 | D138: 1
A139: 138 | B139: 单身情歌 | C139: 4 | D139: 4
A140: 139 | B140: 心之旅 | C140: 12 | D140: 11
A141: 140 | B141: 圣之新经 | C141: 28 | D141: 0
A142: 141 | B142: 如梦如幻 | C142: 12 | D142: 12
A143: 142 | B143: 再见吧，婚姻 | C143: 6 | D143: 6
... A203: 202 | B203: 植物能量的起源 | C203: 4 | D203: 4
A204: 203 | B204: 黄帝内经现代释义 | C204: ？ | D204: 5
A205: 204 | B205: 密法传承 | C205: 6 | D205: 6
A206: 205 | B206: 基督新语 | C206: 3 | D206: 3
A207: 206 | B207: 周易卦释 | C207: -
A208: 207 | B208: 课诵1
A209: 208 | B209: 天梯 | C209: 5 | D209: 5
A210: 209 | B210: 天国的呼唤 | C210: ? | D210: ?
A211: 210 | B211: 升维之旅 | C211: 5 | D211: 5
A212: 211 | B212: 白骨志传 | C212: 4 | D212: 4
A213: 212 | B213: 飞逝的流星 | C213: 6 | D213: 6
A214: 213 | B214: 九尾狐传奇 | C214: 4 | D214: 4
A215: 214 | B215: 仙兽神传 | C215: ? | D215: ?
A216: 215 | B216: 精灵世界 | C216: 8 | D216: 8
A217: 216 | B217: 小朵亚的冒险之旅 | C217: 8 | D217: 8
A218: 217 | B218: 363号宇宙史 | C218: 17 | D218: 17
A219: 218 | B219: 安拉列传 | C219: 3 | D219: 3
A220: 219 | B220: 极乐世界 | C220: -
A221: 220 | B221: 灵魂档案馆 | C221: 2 | D221: 2
A222: 221 | B222: 空行密法传承 | C222: 6 | D222: 6
A223: 222 | B223: 上帝粒子 | C223: 6 | D223: 6
A224: 223 | B224: 心念的力量 | C224: 5 | D224: 5
A225: 224 | B225: 灵魂档案馆揭秘篇 | C225: 2 | D225: 2
A226: 225 | B226: 观音菩萨家族史 | C226: -
A227: 226 | B227: 星系算法 | C227: -
A228: 227 | B228: 363号宇宙灵魂档案馆 | C228: 2 | D228: 2
A229: 228 | B229: 生物意识起源之地球篇 | C229: 2 | D229: 2
A230: 229 | B230: 363号宇宙星系图谱 | C230: -
A231: 230 | B231: 363号宇宙星系运算法则 | C231: 5 | D231: 5
A232: 231 | B232: 363号宇宙星系规则 | C232: -
A233: 232 | B233: 西窗对话 | C233: 5 | D233: 5
A234: 233 | B234: 人类意识走向 | C234: 4 | D234: 4
A235: 234 | B235: 轮回系统的科学设计 | C235: 4 | D235: 4
A236: 235 | B236: 灵性之光 | C236: 4 | D236: 4
A237: 236 | B237: 363号宇宙科学家之三次元释义 | C237: 5 | D237: 5
A238: 237 | B238: 论觉察 | C238: 4 | D238: 4
...

Sheet 英文书目
A1: 序号 | B1: 标签 | C1: 首篇时间 | D1: 书名 | E1: 阶别 | F1: 管道 | G1: 总章节数 | H1: 下载数 | I1: 下载状态 | J1: 版权类别 | K1: 存证日期 | L1: 版权登记日期 | M1: 版权状态 | P1: 管道 | Q1: 阶别
